OBJECTID,CODE,Designation,Designation Type,Add Date,Modified Date,Effective Date,Data Source,Source Accuracy,GLOBALID,Shape__Area,Shape__Length
1,RR,RR,PD,,5/14/2025 11:27:05 AM,,RP+5 Case 22257,IN,0da12449-c06b-4c5d-ab0a-631e22d7871d,22070.21484375,662.376595455695
2,RC,RC,PD,,5/14/2025 11:27:05 AM,,RP+5 Case 22257,IN,25e120ed-8ae8-4265-9fb6-643da6826925,62161.64453125,1464.04815262494
3,OS,OS,PD,,5/14/2025 11:27:05 AM,,RP+5 Case 22257,IN,5d8885be-cbe3-41a2-b203-3219cdbd95ab,2193.3671875,187.444600636103
4,OS,OS,PD,,5/14/2025 11:27:05 AM,,RP+5 Case 22257,IN,cafc11ae-952b-4e97-956a-63f1f6689095,46344.01171875,910.126386421037
5,US,US,PD,,5/21/2025 7:48:48 PM,1/31/2023 12:00:00 AM,Case 22384,IN,89d58383-43b5-4a80-bc20-a7f29a980f23,1846942.3515625,7528.3470792514
6,OS,OS,PD,,5/14/2025 11:27:05 AM,,RP+5 Case 22257,IN,8e6ad70a-8f3b-44e0-9b16-8e863da66c26,12822.640625,499.233383316991
7,OS,OS,PD,,5/14/2025 11:27:05 AM,,RP+5 Case 22257,IN,f65333ab-d076-4edc-8b76-0a03d0c26b46,7.37109375,16.6345794964487
8,OS,OS,PD,,5/14/2025 11:27:05 AM,,RP+5 Case 22257,IN,68c5f40f-23b8-49b0-9b3c-32ee2e8bb300,1602,185.5659043633
9,US,US,PD,,5/14/2025 11:27:05 AM,,RP+5 Case 22257,IN,05a3b5cd-d1e2-4eeb-82cd-dacc950c1ae1,59.91015625,34.229896197641
10,HARB,HH,PD,,5/14/2025 11:27:05 AM,,RP+5 Case 22257,IN,a7b6660a-1c40-45bd-97cd-9b566e9e2897,3130450.1953125,8846.47339859729
11,RR,RR,PD,,5/14/2025 11:27:05 AM,,RP+5 Case 22257,IN,67b8fd50-7b00-4284-9931-8349a8feb2a4,1049.14453125,153.66598297204
12,RC,RC,PD,,5/14/2025 11:27:05 AM,,RP+5 Case 22257,IN,28cf4097-9455-4421-b827-1ab835709c62,18721.9609375,600.43211102633
13,OS,OS,PD,,5/14/2025 11:27:05 AM,,RP+5 Case 22257,IN,61063583-8115-4468-96e3-eefdf0089ff8,1340.59765625,179.359210159561
14,RC,RC,PD,,5/14/2025 11:27:05 AM,,RP+5 Case 22257,IN,622c49b6-bcd7-4929-af21-7d4aed05da5f,833.9140625,155.035494623052
15,OS,OS,PD,,5/14/2025 11:27:05 AM,,RP+5 Case 22257,IN,6e3fe6f1-81b6-4e78-9868-49d568de0fc5,136969.2734375,1678.70345888625
16,OS,OS,PD,,5/14/2025 11:27:05 AM,,RP+5 Case 22257,IN,6270d9a8-8863-43d0-86de-6ebf94775546,4518.15625,299.811764497749
17,OS,OS,PD,,5/14/2025 11:27:05 AM,,RP+5 Case 22257,IN,9cc3f29b-5b7d-4be7-a956-5bdfaa6c3e02,4817774.08984375,19107.6026688524
18,OS,OS,PD,,5/14/2025 11:27:05 AM,,RP+5 Case 22257,IN,5d7f51c5-fa2d-4460-9fe1-053508cf32f1,4047.85546875,276.317781383796
19,OS,OS,PD,,5/14/2025 11:27:05 AM,,RP+5 Case 22257,IN,dec5623e-c490-4ff7-8089-94e57df6dfec,46779.0078125,911.157931818392
20,RR,RR,PD,,5/14/2025 11:27:05 AM,,RP+5 Case 22257,IN,495d9c92-2fcc-4846-95f0-fa9e66386e31,15742.94921875,628.927624215733
21,OS,OS,PD,,5/14/2025 11:27:05 AM,,RP+5 Case 22257,IN,a213f20c-6872-4bd6-b235-8de886567576,22895.45703125,599.249392205383
22,OS,OS,PD,,5/14/2025 11:27:05 AM,,RP+5 Case 22257,IN,0a8b99f0-2ac7-409b-a008-06071b4b6490,3220.125,251.652712405657
23,OS,OS,PD,,5/14/2025 11:27:05 AM,,RP+5 Case 22257,IN,8e355a5c-d41b-4168-b99f-e2bf87213d6a,1189.20703125,164.130351799917
24,RC,RC,PD,,5/14/2025 11:27:05 AM,,RP+5 Case 22257,IN,d4183fc4-a0f7-4eee-b3c2-3985474f151b,6070.1796875,328.788463416119
25,OS,OS,PD,,5/14/2025 11:27:05 AM,,RP+5 Case 22257,IN,1b66c6d0-61a5-4805-8abe-41535c921aa4,3594.0625,246.008109157228
26,RC,RC,PD,,5/14/2025 11:27:05 AM,,RP+5 Case 22257,IN,838da11b-1693-4fca-8d0e-ee29d8ac58cd,1076.4921875,153.187447993403
27,RC,RC,PD,,5/14/2025 11:27:05 AM,,RP+5 Case 22257,IN,cd77a0aa-b508-4071-b14f-dcb37a413ff6,90895.89453125,1572.43017634709
28,RC,RC,PD,,5/14/2025 11:27:05 AM,,RP+5 Case 22257,IN,302883f7-f8fd-492a-987d-224ce4df5171,42924.01953125,833.823286108139
29,OS,OS,PD,,5/14/2025 11:27:05 AM,,RP+5 Case 22257,IN,bb341dd2-b2fc-4a91-a674-43c8fb982bb9,14676.4375,620.69387740724
30,OS,OS,PD,,5/14/2025 11:27:05 AM,,RP+5 Case 22257,IN,b4ba3631-3601-4a56-9729-759a30643f23,24173.53515625,1049.86671163933
31,RC,RC,PD,,5/14/2025 11:27:05 AM,,RP+5 Case 22257,IN,c369b97f-69b6-4446-894d-4801402516fa,1697440.265625,8352.73227938176
32,OS,OS,PD,,5/14/2025 11:27:05 AM,,RP+5 Case 22257,IN,9e560b0d-a6f7-42f2-81f3-09499e3512cc,170826.0546875,1991.76733067039
33,RR,RR,PD,,5/14/2025 11:27:05 AM,,RP+5 Case 22257,IN,46ec0867-477f-4ee4-8945-8106001937f6,355647.375,2799.88475067017
34,OS,OS,PD,,5/14/2025 11:27:05 AM,,RP+5 Case 22257,IN,a72e51bc-fed3-42cb-a9dc-1aa889bea931,6882.34765625,370.731734887507
35,OS,OS,PD,,5/14/2025 11:27:05 AM,,RP+5 Case 22257,IN,3c1d6fa0-ad95-4b7a-b080-967b9db26d8f,17360.375,648.678333375745
36,RC,RC,PD,,5/14/2025 11:27:05 AM,,RP+5 Case 22257,IN,47606a43-d279-4862-bdd3-1d6fd40e9bc5,1403.37890625,187.059353493877
37,RR,RR,PD,,5/14/2025 11:27:05 AM,,RP+5 Case 22257,IN,efe30a48-1773-4085-a10a-dfb91f7720f7,1897.69921875,183.433529662894
38,RC,RC,PD,,5/14/2025 11:27:05 AM,,RP+5 Case 22257,IN,fca550fd-42a9-4d42-b1c3-bc1410861f8c,508186.09375,4399.61493721075
39,RR,RR,PD,,5/14/2025 11:27:05 AM,,RP+5 Case 22257,IN,56467930-513f-4b9c-89d1-6c9effc77d9b,2291.58984375,221.437632374132
40,RR,RR,PD,,5/14/2025 11:27:05 AM,,RP+5 Case 22257,IN,6d4535d2-7898-427e-9af3-e7b8eda2d124,5252.94140625,283.326056017368
41,HARB,HH,PD,,5/14/2025 11:27:05 AM,,RP+5 Case 22257,IN,c33f8341-c89b-4c21-b022-1a8c44572a56,8479.05859375,393.572061141418
42,OS,OS,PD,,5/14/2025 11:27:05 AM,,RP+5 Case 22257,IN,43bf6d95-a639-4b7b-a1db-fb3136f596ac,26882.39453125,664.776770684026
43,RC,RC,PD,,5/14/2025 11:27:05 AM,,RP+5 Case 22257,IN,04128d34-aa42-438c-8f34-a2c2e2400ca8,7027.15234375,430.549507360076
44,RC,RC,PD,,5/14/2025 11:27:05 AM,,RP+5 Case 22257,IN,5d2387ac-bfe6-4dff-b525-16e6be409ad3,4458.0234375,259.198160115672
45,OS,OS,PD,,5/14/2025 11:27:05 AM,,RP+5 Case 22257,IN,f717008a-4c56-49b0-9f5f-b507139273b7,2094.3203125,223.599627315827
46,RC,RC,PD,,5/14/2025 11:27:05 AM,,RP+5 Case 22257,IN,7304c4fb-4c24-45cd-8366-f99665d49d99,953.08984375,145.082770461188
47,RR,RR,PD,,5/14/2025 11:27:05 AM,,RP+5 Case 22257,IN,adf2d17c-2d75-4071-8854-ee1cc180a417,97541377.5390625,64818.4011015094
48,RR,RR,PD,,5/14/2025 11:27:05 AM,,RP+5 Case 22257,IN,cd774991-f40b-4063-b7da-91ad72f40a49,9180.65234375,390.799611227926
49,RC,RC,PD,,5/14/2025 11:27:05 AM,,RP+5 Case 22257,IN,2565afc9-96ce-4585-b183-6813566b0e91,3063.55078125,247.319460352705
50,RC,RC,PD,,5/14/2025 11:27:05 AM,,RP+5 Case 22257,IN,6c490cf8-7d06-4a2e-9c42-db42558c30e3,1001.859375,146.620566690749
51,OS,OS,PD,,5/14/2025 11:27:05 AM,,RP+5 Case 22257,IN,b0e74af5-2768-4b0c-b62e-a5cbc69ecdf4,33159.1875,766.922627132522
52,OS,OS,PD,,5/14/2025 11:27:05 AM,,RP+5 Case 22257,IN,931aa057-4bdb-4024-a033-90aac7849473,14686.63671875,457.120217866939
53,UR,UR,PD,,5/14/2025 11:27:05 AM,,RP+5 Case 22257,IN,6a50689f-d8fa-4cfe-9906-ffe9d7643e52,4933170.71875,9998.96336603952
54,RR,RR,PD,,5/14/2025 11:27:05 AM,,RP+5 Case 22257,IN,11ba77dc-f257-46d5-be27-63927f4fa3ed,2116.34375,220.995289690447
55,OS,OS,PD,,5/14/2025 11:27:05 AM,,RP+5 Case 22257,IN,85ed6ca0-0e9b-4e3f-b305-e31e5f0e4187,2879.43359375,261.707305341171
56,OS,OS,PD,,5/14/2025 11:27:05 AM,,RP+5 Case 22257,IN,e58ea7d8-928f-4860-aea8-dace71b4bbb5,36030.7265625,1065.53981164236
57,OS,OS,PD,,5/14/2025 11:27:05 AM,,RP+5 Case 22257,IN,059615b9-6a75-49c0-b643-1321dc6e9aeb,6745.68359375,317.44357573361
58,OS,OS,PD,,5/14/2025 11:27:05 AM,,RP+5 Case 22257,IN,04d6d73a-09c8-4e11-95f3-d18624ceb215,8398.8984375,374.614980145859
59,OS,OS,PD,,5/14/2025 11:27:05 AM,,RP+5 Case 22257,IN,b11b2d02-5424-4adc-8708-93ee7921bb08,6923.42578125,341.908108317101
60,RR,RR,PD,,5/14/2025 11:27:05 AM,,RP+5 Case 22257,IN,da9dcb8b-f61f-4fb0-bf4f-9c2ce5f35f28,3753.01171875,270.9186013999
61,OS,OS,PD,,5/14/2025 11:27:05 AM,,RP+5 Case 22257,IN,17933ba8-a4d5-4bfd-805b-d6888211c239,2943.19140625,267.663797009323
62,OS,OS,PD,,5/14/2025 11:27:05 AM,,RP+5 Case 22257,IN,bc520ba4-197b-4dbe-97bb-ca6834c83952,15342.16015625,477.562548436014
63,OS,OS,PD,,5/14/2025 11:27:05 AM,,RP+5 Case 22257,IN,3d9bdb75-7bd2-45b9-8281-45da75db7cfd,5310.19140625,304.372668217193
64,OS,OS,PD,,5/14/2025 11:27:05 AM,,RP+5 Case 22257,IN,3e5262b3-15eb-4406-a197-9266ac498aaf,1612204.6015625,6409.50325878864
65,RR,RR,PD,,5/14/2025 11:27:05 AM,,RP+5 Case 22257,IN,3b13533d-4ebe-4167-914e-4313d406885f,2977.6171875,223.285119025676
66,RC,RC,PD,,5/14/2025 11:27:05 AM,,RP+5 Case 22257,IN,f46c9830-23b8-4cb6-a24b-90b0f2c17e05,3897.88671875,251.026846967258
67,RC,RC,PD,,5/14/2025 11:27:05 AM,,RP+5 Case 22257,IN,fc1432ae-1623-424f-9466-39e7d0cee046,7193.26171875,366.138046403503
68,OS,OS,PD,,5/14/2025 11:27:05 AM,,RP+5 Case 22257,IN,beb7fd1d-0c27-4117-8f23-cce7967c12be,13926.85546875,472.811172842382
69,RR,RR,PD,,5/14/2025 11:27:05 AM,,RP+5 Case 22257,IN,edbf77ac-b2e7-4c99-b6c7-2bc8b6cef21f,47488.125,900.216453144603
70,RR,RR,PD,,5/14/2025 11:27:05 AM,,RP+5 Case 22257,IN,733ecac6-d0f5-42e5-9c00-dd3e82a751b1,52500.71875,1230.82988239175
71,RC,RC,PD,,5/14/2025 11:27:05 AM,,RP+5 Case 22257,IN,067e7c5a-ab19-4db7-b31b-1d1eb74e051e,5812.05078125,335.913283593409
72,OS,OS,PD,,5/14/2025 11:27:05 AM,,RP+5 Case 22257,IN,80ee8855-bdc4-4c02-954d-d9db45fe24d0,4677.2890625,281.695355359529
73,OS,OS,PD,,5/14/2025 11:27:05 AM,,RP+5 Case 22257,IN,fd721a79-11d9-4423-89fd-4d9d932466ff,31509.96484375,864.427670254825
74,US,US,PD,,2/5/2026 2:41:11 PM,2/2/2026 12:00:00 AM,MINORREV-2025-02922,IN,873a40fe-dd25-47a9-88e1-9ab8fa1df631,222031103.742188,251560.683879814
75,OS,OS,PD,,5/14/2025 11:27:05 AM,,RP+5 Case 22257,IN,74593479-8052-4bf5-99e3-d5532eb52b84,131672.44140625,1832.73090916944
76,OS,OS,PD,,5/14/2025 11:27:05 AM,,RP+5 Case 22257,IN,ab2530e9-20e7-4571-b4f3-cceb987db8b2,32473.890625,864.252126314223
77,RC,RC,PD,,5/14/2025 11:27:05 AM,,RP+5 Case 22257,IN,fde844d2-a6b0-49cf-9e3a-bd7aabd9c541,1437.296875,187.719187777431
78,OS,OS,PD,,5/14/2025 11:27:05 AM,,RP+5 Case 22257,IN,5c0fc3a2-a120-4ad5-a93a-60dc2f0ba4ac,1368857.9609375,5832.0576177695
79,OS,OS,PD,,5/14/2025 11:27:05 AM,,RP+5 Case 22257,IN,1f57e5ce-e2e3-4d72-8760-88b986e0829b,973.95703125,142.837106947586
80,RC,RC,PD,,5/14/2025 11:27:05 AM,,RP+5 Case 22257,IN,b14722f4-7e40-47b3-8cb6-7f3af1e8067f,1445.52734375,178.457252709115
81,RR,RR,PD,,5/14/2025 11:27:05 AM,,RP+5 Case 22257,IN,ddc589b5-465f-4b5a-aec7-dfbe87ba45c5,507635.98828125,3080.11508778067
82,OS,OS,PD,,5/14/2025 11:27:05 AM,,RP+5 Case 22257,IN,ac3eb13c-8d5d-4abf-8449-c7ce93bc1f3e,23695.1171875,619.016806743906
83,RC,RC,PD,,5/14/2025 11:27:05 AM,,RP+5 Case 22257,IN,b687d028-42a7-4391-8fb2-c94831a482fe,29683.3671875,632.152247439433
84,RC,RC,PD,,5/14/2025 11:27:05 AM,,RP+5 Case 22257,IN,b0981543-2b92-45d4-b5c6-54268094e4fc,103319.734375,1341.50700974553
85,OS,OS,PD,,5/14/2025 11:27:05 AM,,RP+5 Case 22257,IN,80412f0f-a9a7-46be-bb73-aaeb5dc8fe6d,7589.6328125,409.077258408464
86,OS,OS,PD,,5/14/2025 11:27:05 AM,,RP+5 Case 22257,IN,97bc5e1e-b9ca-442c-bbbd-e244bc6c451c,803030.3984375,4131.54007350781
87,OS,OS,PD,,5/14/2025 11:27:05 AM,,RP+5 Case 22257,IN,bda04974-c3b4-4e78-ab0d-2dca465e320b,2152.58984375,215.291063594692
88,OS,OS,PD,,5/14/2025 11:27:05 AM,,RP+5 Case 22257,IN,da186395-e7d8-43ac-a4e1-e8f1c0d4d955,2115401.12109375,8550.39275159339
89,OS,OS,PD,,5/14/2025 11:27:05 AM,,RP+5 Case 22257,IN,a409cffa-2e42-4f79-80d6-8438f2ce318c,20022.93359375,580.132369899725
90,RC,RC,PD,,5/14/2025 11:27:05 AM,,RP+5 Case 22257,IN,7aebbfe7-f348-4800-a8d5-09818710fd54,193668.1953125,1904.98206137357
91,RR,RR,PD,,5/14/2025 11:27:05 AM,,RP+5 Case 22257,IN,9856c3d1-a59e-4f9d-9411-46dff6eeee06,3391.59765625,239.531962851107
92,OS,OS,PD,,5/14/2025 11:27:05 AM,,RP+5 Case 22257,IN,35f99738-b899-49fe-a574-cd73c8d7cfe9,168348.45703125,1591.50026710812
93,OS,OS,PD,,5/14/2025 11:27:05 AM,,RP+5 Case 22257,IN,a097b8b6-5645-4c1e-b6a3-8d8e914873af,13665.453125,548.844681507426
94,RR,RR,PD,,5/14/2025 11:27:05 AM,,RP+5 Case 22257,IN,7512a1f1-b266-493d-bb7d-a432e2f85c7e,3497.2734375,247.097726740356
95,RR,RR,PD,,5/14/2025 11:27:05 AM,,RP+5 Case 22257,IN,ac5b173c-f910-45f7-832f-149d6a323c08,1374086.28125,7198.54854195997
96,OS,OS,PD,,5/14/2025 11:27:05 AM,,RP+5 Case 22257,IN,517f1cef-c423-4df9-85cb-c58c29723345,1093.9453125,153.630681809826
97,OS,OS,PD,,5/14/2025 11:27:05 AM,,RP+5 Case 22257,IN,1de64485-697a-494e-8fb3-8129a0dd2226,2782.98046875,229.75046213082
98,IP,IP,SD,,5/14/2025 11:27:05 AM,,RP+5 Case 22257,IN,d13556c2-4a5f-489c-b15a-902329ee370c,462113.01953125,2993.24841165695
99,HARB,HH,PD,,5/14/2025 11:27:05 AM,,RP+5 Case 22257,IN,8bf48178-4540-4571-8565-9fab58d74f67,3368292.98046875,27174.8713703809
100,RC,RC,PD,,5/14/2025 11:27:05 AM,,RP+5 Case 22257,IN,177d7a2c-e6a1-48ee-9617-2b1254cd9af3,17627.91015625,593.276897320679
101,OS,OS,PD,,5/14/2025 11:27:05 AM,,RP+5 Case 22257,IN,a85852bd-dc92-41e6-8726-b8aba990a996,1171.01171875,169.373550575723
102,RR,RR,PD,,5/14/2025 11:27:05 AM,,RP+5 Case 22257,IN,d105b288-1390-45e8-8f32-d50c38b0bf7c,169522.703125,2635.1996087356
103,RC,RC,PD,,5/14/2025 11:27:05 AM,,RP+5 Case 22257,IN,cc88ba16-c4c1-4d59-accd-24ea4a444b33,190783.3515625,2400.28365920308
104,OS,OS,PD,,5/14/2025 11:27:05 AM,,RP+5 Case 22257,IN,480ffa3b-23e8-4246-878e-08a2d9cdde69,678430.3515625,4816.23383584997
105,OS,OS,PD,,5/14/2025 11:27:05 AM,,RP+5 Case 22257,IN,2fc5e384-b68f-4b23-9d85-d7c226cfb3e5,1406.46484375,181.385519864745
106,RC,RC,PD,,5/14/2025 11:27:05 AM,,RP+5 Case 22257,IN,7ee8dc25-4d55-4a30-9f20-d53bc90b017f,33830.24609375,756.313253304293
107,OS,OS,PD,,5/14/2025 11:27:05 AM,,RP+5 Case 22257,IN,b5f8cef0-10c3-4fe7-b430-1c9a2159cebe,14070.7734375,520.235520245711
108,OS,OS,PD,,5/14/2025 11:27:05 AM,,RP+5 Case 22257,IN,fede100f-0705-4403-92f7-226a39de027b,16563.27734375,754.003758262869
109,OS,OS,PD,,5/14/2025 11:27:05 AM,,RP+5 Case 22257,IN,0b201564-485b-4449-afb0-16c324689532,29304.25390625,784.732150866507
110,OS,OS,PD,,5/14/2025 11:27:05 AM,,RP+5 Case 22257,IN,d2ab2c37-d988-4aa0-bce1-ec95218fbaec,25056.29296875,588.574757284552
111,OS,OS,PD,,5/14/2025 11:27:05 AM,,RP+5 Case 22257,IN,7852d1f7-5be4-45f0-add4-6c26454859ed,1748.6953125,191.835265153752
112,OS,OS,PD,,5/14/2025 11:27:05 AM,,RP+5 Case 22257,IN,a85e04fc-45e9-4c45-bdd9-7ff729e717ed,30780.25,732.026311362788
113,OS,OS,PD,,5/14/2025 11:27:05 AM,,RP+5 Case 22257,IN,fdaec89d-b90a-44fa-82b1-0d0ee3d24ad9,2518037.12109375,11157.6809254751
114,RC,RC,PD,,5/14/2025 11:27:05 AM,,RP+5 Case 22257,IN,be60745d-4bf9-497f-b985-019ce5906b4b,3207.25390625,244.109098542227
115,RC,RC,PD,,5/14/2025 11:27:05 AM,,RP+5 Case 22257,IN,ca160e35-ce37-462f-b350-c6adf9651656,4283.55078125,273.175664602174
116,RC,RC,PD,,5/14/2025 11:27:05 AM,,RP+5 Case 22257,IN,497ef584-41b8-424b-a69d-24b5eba10849,107199.5390625,1448.91399017099
117,RR,RR,PD,,5/14/2025 11:27:05 AM,,RP+5 Case 22257,IN,040fb632-9331-4743-8cf6-c3145d365c07,4285.12109375,271.927764284286
118,RR,RR,PD,,5/14/2025 11:27:05 AM,,RP+5 Case 22257,IN,e583c1a2-f1cf-4af7-83a0-f49b1eef1c81,10775.27734375,437.226918169814
119,OS,OS,PD,,5/21/2025 7:48:48 PM,1/31/2023 12:00:00 AM,Case 22384,IN,df3a77e1-f2e0-4cb1-819d-df338c92c468,8765656.4921875,19058.654794123
120,RC,RC,PD,,5/14/2025 11:27:05 AM,,RP+5 Case 22257,IN,d597e1c9-92bd-4ea6-8f23-aa77eab757fc,46877.3203125,941.584886315223
121,RC,RC,PD,,5/14/2025 11:27:05 AM,,RP+5 Case 22257,IN,a8a415e6-090e-44fc-b09c-ec60733d52b1,1184.89453125,159.434324520711
122,OS,OS,PD,,5/14/2025 11:27:05 AM,,RP+5 Case 22257,IN,4bd8a833-0172-4b1e-8cc3-a75a74477028,23769.12890625,607.661632062153
123,OS,OS,PD,,5/14/2025 11:27:05 AM,,RP+5 Case 22257,IN,01d6b6df-5c06-458b-a58d-a75a2049f40b,2739.7109375,213.109453878344
124,OS,OS,PD,,5/14/2025 11:27:05 AM,,RP+5 Case 22257,IN,2317d578-bed7-4ffa-bb39-f66c75d4338a,93863.296875,1330.13241267154
125,OS,OS,PD,,5/14/2025 11:27:05 AM,,RP+5 Case 22257,IN,ad8c951b-a6ed-4eef-afcd-7fd45204972e,22287.1796875,618.77576961764
126,OS,OS,PD,,5/14/2025 11:27:05 AM,,RP+5 Case 22257,IN,ba38b53e-9adb-4f6b-9d6c-592d8bec17b2,4398.04296875,323.999292703922
127,RC,RC,PD,,5/14/2025 11:27:05 AM,,RP+5 Case 22257,IN,f15d7309-74b7-418f-809e-53c83a062270,145594.9609375,2746.61418777411
128,OS,OS,PD,,5/14/2025 11:27:05 AM,,RP+5 Case 22257,IN,24f4fc79-13be-4c0e-8509-640bd585fd7f,19205.6328125,617.173439161225
129,RC,RC,PD,,5/14/2025 11:27:05 AM,,RP+5 Case 22257,IN,aa79d42b-ec72-427f-b7d7-c96752d081bc,2635.39453125,206.98506207283
130,OS,OS,PD,,5/14/2025 11:27:05 AM,,RP+5 Case 22257,IN,168e848d-15fd-4ecb-978f-19ed7baf809a,2233.8828125,224.244402659289
131,OS,OS,PD,,5/14/2025 11:27:05 AM,,RP+5 Case 22257,IN,9b6265fb-f558-4ec8-82b8-896d41c8adc4,36348.171875,838.407037638073
132,RC,RC,PD,,5/14/2025 11:27:05 AM,,RP+5 Case 22257,IN,e809aa35-7fe4-468c-9c87-ab1d5c06cbf2,1700.77734375,195.962531023939
133,RC,RC,PD,,5/14/2025 11:27:05 AM,,RP+5 Case 22257,IN,54cf11be-c5ff-4cdd-bb01-70abd97cd43e,457140.23828125,4524.38448890414
134,RC,RC,PD,,5/14/2025 11:27:05 AM,,RP+5 Case 22257,IN,bbda67dd-4562-4002-9d50-6175f5bb76db,1236.8359375,170.788702288578
135,OS,OS,PD,,5/14/2025 11:27:05 AM,,RP+5 Case 22257,IN,30b0e218-028e-4a3a-84f5-3826645483b4,94200.75390625,1567.32627571064
136,RC,RC,PD,,5/14/2025 11:27:05 AM,,RP+5 Case 22257,IN,e05ef4ae-f3e2-46a5-a195-0549f3f08e5b,4221.734375,255.709274209103
137,OS,OS,PD,,5/14/2025 11:27:05 AM,,RP+5 Case 22257,IN,735bab34-a520-401d-b49d-47d9ff25af14,2689.3203125,219.044946216451
138,RR,RR,PD,,5/14/2025 11:27:05 AM,,RP+5 Case 22257,IN,229c8085-c4a4-45c2-a7e6-859b6ccd0571,6056733.6953125,21273.7931191464
139,RC,RC,PD,,5/14/2025 11:27:05 AM,,RP+5 Case 22257,IN,9b54d3ec-fe52-43ae-83a7-59fd3cf05999,1986.74609375,200.328925360901
140,RC,RC,PD,,5/14/2025 11:27:05 AM,,RP+5 Case 22257,IN,8c0624e2-e387-4e00-abac-efbe5531e4f2,160829.24609375,2436.38532174868
141,OS,OS,PD,,5/14/2025 11:27:05 AM,,RP+5 Case 22257,IN,bc96a9a4-53a3-4700-9615-13e1848e1036,9591.96484375,401.000740880698
142,OS,OS,PD,,5/14/2025 11:27:05 AM,,RP+5 Case 22257,IN,875d2180-51b8-4787-bc96-14f6bca5f25b,5672.44140625,363.911195244083
143,RR,RR,PD,,5/14/2025 11:27:05 AM,,RP+5 Case 22257,IN,d9b9da3c-4291-463b-b4bc-7f3a330721a4,7019.94921875,388.728694588641
144,RC,RC,PD,,5/14/2025 11:27:05 AM,,RP+5 Case 22257,IN,c17895eb-899b-44ba-8a7c-d0cdfcef9499,5053.7421875,375.045385323044
145,RR,RR,PD,,5/14/2025 11:27:05 AM,,RP+5 Case 22257,IN,b79af3c8-9267-464c-b1e8-ee958fba6357,10444.3515625,499.278248546165
146,RC,RC,PD,,5/14/2025 11:27:05 AM,,RP+5 Case 22257,IN,c40d18cb-7ee2-444f-a68e-744d639245df,51856.32421875,1123.24320046559
147,OS,OS,PD,,5/14/2025 11:27:05 AM,,RP+5 Case 22257,IN,f0a3e18e-4f52-451c-9c17-70cfbfe44255,18777.171875,595.548554201192
148,OS,OS,PD,,5/14/2025 11:27:05 AM,,RP+5 Case 22257,IN,32606d56-0e98-4ac1-8c56-55b50bd7bd7d,6085.6640625,300.20412517945
149,OS,OS,PD,,5/14/2025 11:27:05 AM,,RP+5 Case 22257,IN,c2ca1c9b-6d80-4864-b099-e203d8a7a88b,202506.62890625,2582.01260314605
150,RR,RR,PD,,5/14/2025 11:27:05 AM,,RP+5 Case 22257,IN,48ef0d4e-2cfe-4f5f-bd48-1db53ecba733,5996,347.767219346122
151,RC,RC,PD,,5/14/2025 11:27:05 AM,,RP+5 Case 22257,IN,5e157bf1-c792-4549-963c-69653a63c5dc,48759.96875,950.314351413441
152,OS,OS,PD,,5/14/2025 11:27:05 AM,,RP+5 Case 22257,IN,714c8206-f027-4dbc-a0ff-37c26dcfd724,3265554.25390625,13518.9293087517
153,RR,RR,PD,,5/14/2025 11:27:05 AM,,RP+5 Case 22257,IN,f1c45ae6-c4ff-4831-a215-2c8eb918132c,268336.9296875,2651.59718785084
154,RR,RR,PD,,5/14/2025 11:27:05 AM,,RP+5 Case 22257,IN,af0a191f-37ca-4dcf-ba63-7f990b021b9c,1878.12109375,206.024821710508
155,OS,OS,PD,,5/14/2025 11:27:05 AM,,RP+5 Case 22257,IN,c9bdea78-866b-4fee-9f23-7ff86a51b2f5,93872.671875,1440.16863861303
156,UR,UR,PD,,5/14/2025 11:27:05 AM,,RP+5 Case 22257,IN,4239f657-3951-46f7-b5d4-55f6df2332dd,7442823.83203125,14691.5906038008
157,OS,OS,PD,,5/14/2025 11:27:05 AM,,RP+5 Case 22257,IN,b5a61aee-64fc-4b0b-acb2-fab697da580e,7482.796875,384.69519128506
158,OS,OS,PD,,5/14/2025 11:27:05 AM,,RP+5 Case 22257,IN,8514406b-22ec-4e8e-9067-790b4a13b05c,10267.60546875,483.931754054836
159,RC,RC,PD,,5/14/2025 11:27:05 AM,,RP+5 Case 22257,IN,8372e260-5fbd-48c8-89f1-1d14255e7da8,7683.015625,659.372741241442
160,RC,RC,PD,,5/14/2025 11:27:05 AM,,RP+5 Case 22257,IN,f0162502-3c5d-4f22-8fd3-fbb223e3a27b,4162070.64453125,16313.6342928549
161,OS,OS,PD,,5/14/2025 11:27:05 AM,,RP+5 Case 22257,IN,e490fec8-f08f-43a3-9bfd-8fee20a43660,14734.796875,636.656945151713
162,RR,RR,PD,,5/14/2025 11:27:05 AM,,RP+5 Case 22257,IN,dc7aa6f2-b8ce-43fe-b566-1794de909e54,24757.27734375,625.415444980265
163,RC,RC,PD,,5/14/2025 11:27:05 AM,,RP+5 Case 22257,IN,7713a0cd-dbec-4241-9042-4b3a14e29a87,136049.02734375,1744.56001479589
164,OS,OS,PD,,5/14/2025 11:27:05 AM,,RP+5 Case 22257,IN,f469efc6-8ec0-4f04-9efc-e2af47aeef61,1302.265625,170.909183452522
165,RR,RR,PD,,5/14/2025 11:27:05 AM,,RP+5 Case 22257,IN,295519cd-78ab-4320-a565-6abc6da1ae67,115240.96875,1908.15802183644
166,OS,OS,PD,,5/14/2025 11:27:05 AM,,RP+5 Case 22257,IN,b375850b-9866-445e-8a5c-64673bb269f1,15316.234375,507.440960371198
167,OS,OS,PD,,5/14/2025 11:27:05 AM,,RP+5 Case 22257,IN,b55a753b-5f32-4897-a68c-5dc9e02a52c8,936.328125,145.569615811115
168,RC,RC,PD,,5/14/2025 11:27:05 AM,,RP+5 Case 22257,IN,1132e195-17a6-4a62-9ce1-767b1b7fc3b6,5327.6875,404.409624972784
169,OS,OS,PD,,5/14/2025 11:27:05 AM,,RP+5 Case 22257,IN,f7b482d3-8b76-4e8e-a119-81e8ed1ba32a,50105.31640625,986.374462541899
170,OS,OS,PD,,5/14/2025 11:27:05 AM,,RP+5 Case 22257,IN,9e3c716f-a45b-467f-bf08-a32d4b2f93a8,9399.40625,377.374796575673
171,OS,OS,PD,,5/14/2025 11:27:05 AM,,RP+5 Case 22257,IN,9f5de5d4-470b-4089-a577-e87dca1f9c86,21441.92578125,588.786929406565
172,RC,RC,PD,,5/14/2025 11:27:05 AM,,RP+5 Case 22257,IN,c01f328b-c5b7-49ea-80a7-a18f106ef676,1923.9453125,238.854949625896
173,RC,RC,PD,,5/14/2025 11:27:05 AM,,RP+5 Case 22257,IN,f8413dd1-770a-4a91-90a6-5a46acf770eb,6675.71484375,350.161576034569
174,OS,OS,PD,,5/14/2025 11:27:05 AM,,RP+5 Case 22257,IN,fd52892a-0b0f-4e15-98b1-977fbc24d611,14348.0078125,611.583302659918
175,OS,OS,PD,,5/14/2025 11:27:05 AM,,RP+5 Case 22257,IN,e9c79171-4fab-4240-a25b-de9737b6a1db,22900.89453125,556.167853624285
176,OS,OS,PD,,5/14/2025 11:27:05 AM,,RP+5 Case 22257,IN,72ee8c6c-1b7e-4094-9743-f78a690352fd,119514.171875,1924.67247865868
177,OS,OS,PD,,5/14/2025 11:27:05 AM,,RP+5 Case 22257,IN,4ebe21ab-2860-48c4-a174-b6d8d52519cb,35761.46484375,736.666142262269
178,OS,OS,PD,,5/14/2025 11:27:05 AM,,RP+5 Case 22257,IN,dcdf3806-c09d-4492-83cc-45798352ecfe,2946716.2265625,9994.69100585479
179,RR,RR,PD,,5/14/2025 11:27:05 AM,,RP+5 Case 22257,IN,8f1ed669-48c3-4dab-a65c-52d290bfa925,65390.58984375,1070.92746048133
180,RC,RC,PD,,5/14/2025 11:27:05 AM,,RP+5 Case 22257,IN,d3b6d13d-cae1-4aca-8b45-b1aa260ccec1,3218.31640625,223.402493090007
181,RC,RC,PD,,5/14/2025 11:27:05 AM,,RP+5 Case 22257,IN,7333f308-f494-41cc-9c16-a98e37a985ff,742351.359375,3747.1267053799
182,OS,OS,PD,,5/14/2025 11:27:05 AM,,RP+5 Case 22257,IN,69e255fe-dcfd-4ec1-a993-70d54cf7f98d,30127.546875,669.617266081203
183,OS,OS,PD,,5/14/2025 11:27:05 AM,,RP+5 Case 22257,IN,276767a5-84ff-47ae-a37d-989a0271249e,2263.859375,192.034717824323
184,OS,OS,PD,,5/14/2025 11:27:05 AM,,RP+5 Case 22257,IN,ca227661-610e-4eac-9836-592bda633a90,28709.140625,710.521765912853
185,OS,OS,PD,,5/14/2025 11:27:05 AM,,RP+5 Case 22257,IN,a6a2515f-3228-49c4-9d70-59a9dc03d38a,992.38671875,144.681427589894
186,OS,OS,PD,,5/14/2025 11:27:05 AM,,RP+5 Case 22257,IN,cc0e6bdf-9937-42a7-9232-df3b6e29327c,966.70703125,150.274714233021
187,OS,OS,PD,,5/14/2025 11:27:05 AM,,RP+5 Case 22257,IN,f401421d-9083-4026-8960-ad48977eb777,1583124.22265625,7693.74924076007
188,OS,OS,PD,,5/14/2025 11:27:05 AM,,RP+5 Case 22257,IN,2dd01ef2-5b56-4b3e-9607-bfa7fe03e77f,7705.38671875,402.425477743952
189,OS,OS,PD,,5/14/2025 11:27:05 AM,,RP+5 Case 22257,IN,593fe6f7-1c40-40f7-be5d-c5c2496086f8,5.30078125,11.4380944909761
190,OS,OS,PD,,5/14/2025 11:27:05 AM,,RP+5 Case 22257,IN,46e7289d-3d9f-44af-8560-a0fd0a237bae,85744.01953125,1325.94064103546
191,OS,OS,PD,,5/14/2025 11:27:05 AM,,RP+5 Case 22257,IN,a70dfc78-e4b4-4b66-9199-99805388783a,13131.7265625,439.845595600431
192,RC,RC,PD,,5/14/2025 11:27:05 AM,,RP+5 Case 22257,IN,ca1e7cd1-5ad3-46dc-b65d-ecb990920b16,2765.51953125,245.406475080595
193,RR,RR,PD,,5/14/2025 11:27:05 AM,,RP+5 Case 22257,IN,09ad5d72-9dd3-4469-b38e-03ccc6688e52,1574.65625,205.587558620536
194,RC,RC,PD,,5/14/2025 11:27:05 AM,,RP+5 Case 22257,IN,340dbd1d-7cf0-46ea-b316-7c11c7760d24,2145.71875,191.730222431688
195,RC,RC,PD,,5/14/2025 11:27:05 AM,,RP+5 Case 22257,IN,5bf1fc48-cba1-46a6-9233-d0a52e9d0e88,5743.7421875,967.027167336823
196,RR,RR,PD,,5/14/2025 11:27:05 AM,,RP+5 Case 22257,IN,b3e17a2c-1cda-4d18-ad47-216350354949,4526.55859375,309.102778362335
197,OS,OS,PD,,5/14/2025 11:27:05 AM,,RP+5 Case 22257,IN,e00258e5-f766-4b01-8aa2-ee321b82863c,6140.9375,409.041764623003
198,OS,OS,PD,,5/14/2025 11:27:05 AM,,RP+5 Case 22257,IN,2fa059b7-9a74-43a2-9209-f3ba71a9d368,6061152.50390625,13688.3754373463
199,OS,OS,PD,,5/14/2025 11:27:05 AM,,RP+5 Case 22257,IN,d4867b34-2e25-4271-b268-5735435b5a6e,79988.88671875,1763.68740419736
200,RR,RR,PD,,5/14/2025 11:27:05 AM,,RP+5 Case 22257,IN,a11950f6-9ad8-43e2-8490-796f55a7b288,190731.1796875,2698.73448200834
201,RR,RR,PD,,5/14/2025 11:27:05 AM,,RP+5 Case 22257,IN,2a468612-7e50-4bc5-81ea-44b3c52e9fff,3949.01171875,270.000826595906
202,OS,OS,PD,,5/14/2025 11:27:05 AM,,RP+5 Case 22257,IN,fa9acbcd-5366-48d5-96c8-e1f336d4ca88,22070.2734375,662.377510723657
203,RR,RR,PD,,5/14/2025 11:27:05 AM,,RP+5 Case 22257,IN,ef4446f4-2dc5-4a84-bbcd-de5c84eaa3ac,32929.55859375,1033.85957032183
204,OS,OS,PD,,5/14/2025 11:27:05 AM,,RP+5 Case 22257,IN,29723b42-a290-40b7-92cd-08a5863be04d,13443.94140625,526.848468461776
205,OS,OS,PD,,5/14/2025 11:27:05 AM,,RP+5 Case 22257,IN,387e218c-bee0-4fb2-9db6-42c34e815c3e,1234.73046875,164.004137321837
206,HARB,HH,PD,,5/14/2025 11:27:05 AM,,RP+5 Case 22257,IN,8fb5fddb-70a0-425d-8219-fa632dca5756,39972.453125,1338.76049256832
207,RC,RC,PD,,5/14/2025 11:27:05 AM,,RP+5 Case 22257,IN,08289482-53e5-4af3-ac92-94a93f34c8e6,223780.359375,2456.86159335769
208,RR,RR,PD,,5/14/2025 11:27:05 AM,,RP+5 Case 22257,IN,4d964dc5-cbce-4a4a-b653-21e01b7a01ff,193553.73046875,1880.63030271931
209,OS,OS,PD,,5/14/2025 11:27:05 AM,,RP+5 Case 22257,IN,d5a678af-ab06-49ae-9d8c-c10a94410952,27801.29296875,658.783679588131
210,RC,RC,PD,,5/14/2025 11:27:05 AM,,RP+5 Case 22257,IN,7e78ecac-2186-4121-a585-56abc50d4dbf,853.2421875,174.363052471921
211,RR,RR,PD,,5/14/2025 11:27:05 AM,,RP+5 Case 22257,IN,550ba773-abdf-4512-bc1a-54f0d56a7bd3,15953.25390625,520.513496967541
212,HARB,HH,PD,,5/14/2025 11:27:05 AM,,RP+5 Case 22257,IN,2f61ec5e-35b1-4c74-9d4a-23ce84787fe4,3940.07421875,250.295655328745
213,RR,RR,PD,,5/14/2025 11:27:05 AM,,RP+5 Case 22257,IN,f774aec6-9bed-4433-8bf5-809edc17d80f,179771.33984375,1973.25511733873
214,OS,OS,PD,,5/14/2025 11:27:05 AM,,RP+5 Case 22257,IN,f3049c2d-17a4-4ede-bf18-293723726963,63796.65234375,1103.58039762043
215,OS,OS,PD,,5/14/2025 11:27:05 AM,,RP+5 Case 22257,IN,97a4f802-294d-47ee-b12e-3bcae724aeb7,4280.98828125,253.016595708544
216,RC,RC,PD,,5/14/2025 11:27:05 AM,,RP+5 Case 22257,IN,715d6a34-4d2a-414b-acec-d2920d22ac0c,5660.5859375,333.714411571416
217,OS,OS,PD,,5/14/2025 11:27:05 AM,,RP+5 Case 22257,IN,93f78aff-2f36-40b1-9279-54d18bea8f61,4624.25,282.110294927825
218,RC,RC,PD,,5/14/2025 11:27:05 AM,,RP+5 Case 22257,IN,0279bd12-591f-4bdb-99ec-6e5882c4cb16,2804.7265625,219.715255983354
219,RC,RC,PD,,5/14/2025 11:27:05 AM,,RP+5 Case 22257,IN,caa681f0-1711-4902-8ff8-672fd6696cfe,2007.484375,204.64849677434
220,OS,OS,PD,,5/14/2025 11:27:05 AM,,RP+5 Case 22257,IN,91a38f8d-eeff-4550-983a-0e1ee83ac1f3,2201089.01171875,11554.3017091654
221,OS,OS,PD,,5/14/2025 11:27:05 AM,,RP+5 Case 22257,IN,0cf7c618-40e5-42fa-8923-95a53984cfdb,208598.41796875,1999.38835704841
222,OS,OS,PD,,5/14/2025 11:27:05 AM,,RP+5 Case 22257,IN,d1ef17cd-5e23-4aa0-9213-98b597a4666f,1406.765625,179.785593028638
223,RR,RR,PD,,5/14/2025 11:27:05 AM,,RP+5 Case 22257,IN,795a737a-3f49-4e3d-9988-3ae8986b4b4c,4614880.984375,20770.8997286871
224,OS,OS,PD,,5/14/2025 11:27:05 AM,,RP+5 Case 22257,IN,c2afa4ad-cedb-4849-839c-ec9bf93143dd,18378.0625,636.629048852511
225,OS,OS,PD,,5/14/2025 11:27:05 AM,,RP+5 Case 22257,IN,60135bec-d25f-41ae-8a54-be5fcb1cb7d4,1593.87109375,182.261180231512
226,RC,RC,PD,,5/14/2025 11:27:05 AM,,RP+5 Case 22257,IN,d3970bbe-906f-4844-ba9a-22b30c2f99e9,5458.125,321.681773313846
227,RC,RC,PD,,5/14/2025 11:27:05 AM,,RP+5 Case 22257,IN,59e4662a-9b7d-4fb0-a3cb-a8f223bd3377,10839.234375,433.334117366612
228,RC,RC,PD,,5/14/2025 11:27:05 AM,,RP+5 Case 22257,IN,c58dc0b7-bd39-40c1-b561-784b67699481,16844.20703125,496.071316232357
229,RC,RC,PD,,5/14/2025 11:27:05 AM,,RP+5 Case 22257,IN,e3d900ee-5a3c-46fa-8fc1-ed1dfb0abb7f,3099.73828125,238.42446846417
230,RR,RR,PD,,5/14/2025 11:27:05 AM,,RP+5 Case 22257,IN,872471bb-9b48-4fa4-95dd-8d9b9bbcfc8c,997970.4375,7651.77546760183
231,RC,RC,PD,,5/14/2025 11:27:05 AM,,RP+5 Case 22257,IN,189a31bd-3e39-41e8-b0ac-33ff384470b6,92679.8671875,2402.45229502269
232,OS,OS,PD,,5/14/2025 11:27:05 AM,,RP+5 Case 22257,IN,111eb09e-abbd-448c-b0d2-0ba20273643d,11384.0625,464.713771920555
233,RR,RR,PD,,5/14/2025 11:27:05 AM,,RP+5 Case 22257,IN,1d4b2877-2b6a-44d2-9d52-235a849dc56b,14734.796875,636.656941738129
234,OS,OS,PD,,5/14/2025 11:27:05 AM,,RP+5 Case 22257,IN,6ec9d35a-6969-4eb4-b834-4a3b6130cd8c,805582.7578125,5924.74766571871
235,OS,OS,PD,,5/14/2025 11:27:05 AM,,RP+5 Case 22257,IN,773db1ea-0d96-4cc0-bcfc-2d9e84126fe8,8523.48046875,468.041387996115
236,RC,RC,PD,,5/14/2025 11:27:05 AM,,RP+5 Case 22257,IN,d6c96555-7e2a-46cf-8a57-b5ca372993cf,8877.75,400.635223882123
237,OS,OS,PD,,5/14/2025 11:27:05 AM,,RP+5 Case 22257,IN,4732f05e-d563-4546-87ee-02a2f7ce933d,3907.53125,260.16702337176
238,OS,OS,PD,,5/14/2025 11:27:05 AM,,RP+5 Case 22257,IN,a641e86c-7ce7-428b-814e-393ed50231d2,18394.15625,720.736657571049
239,OS,OS,PD,,5/14/2025 11:27:05 AM,,RP+5 Case 22257,IN,1f1dcffb-250c-48fe-a1c8-65cd948a8a72,29445.87890625,678.878166108677
240,RC,RC,PD,,5/14/2025 11:27:05 AM,,RP+5 Case 22257,IN,88f6ff9f-20e8-4cf4-87c0-30664e7bd2a2,8831.734375,412.915391792969
241,RR,RR,PD,,5/14/2025 11:27:05 AM,,RP+5 Case 22257,IN,360663f5-16fc-4c95-8516-dfc92089f061,2363.984375,197.470110728149
242,OS,OS,PD,,5/14/2025 11:27:05 AM,,RP+5 Case 22257,IN,a8e764cc-0a94-4941-919d-26b8e297e2cc,14588.94921875,475.586609557923
243,RC,RC,PD,,5/14/2025 11:27:05 AM,,RP+5 Case 22257,IN,202b9a2e-cb1f-447d-ac78-9ac9e5dab724,94618.98828125,1180.50669208525
244,RR,RR,PD,,5/14/2025 11:27:05 AM,,RP+5 Case 22257,IN,3e176b83-bf08-428e-bbc0-2b86d53b2bca,2710.625,209.474137623139
245,OS,OS,PD,,5/14/2025 11:27:05 AM,,RP+5 Case 22257,IN,e9d74a3c-d8d8-417e-ae42-ae0814c84a2d,46746.5078125,930.195686474059
246,OS,OS,PD,,5/14/2025 11:27:05 AM,,RP+5 Case 22257,IN,42142505-b225-4fb3-8859-eaf5fbd1659b,24752.8984375,653.884209562828
247,OS,OS,PD,,5/14/2025 11:27:05 AM,,RP+5 Case 22257,IN,21bf3ef6-f1a6-4778-8466-683f2666bbb1,75146.671875,1019.43760473288
248,OS,OS,PD,,5/14/2025 11:27:05 AM,,RP+5 Case 22257,IN,35802640-4d9c-43d1-ae8f-b9a68339e5ec,921662.765625,5495.40627044121
249,OS,OS,PD,,5/14/2025 11:27:05 AM,,RP+5 Case 22257,IN,e2b7c826-f109-472f-a05f-7f9f60448ef1,14818.359375,460.878900604897
250,RR,RR,PD,,5/14/2025 11:27:05 AM,,RP+5 Case 22257,IN,a81eb271-917e-4c03-b136-62bee46377eb,117179.109375,1553.67694903876
251,IP,IP,SD,,5/14/2025 11:27:05 AM,,RP+5 Case 22257,IN,bc77bf76-6c7d-4ed2-9880-d3084b862415,866081.19140625,3862.77949753042
252,OS,OS,PD,,5/14/2025 11:27:05 AM,,RP+5 Case 22257,IN,94758552-21db-4022-9225-ca565651d5c2,1974.46484375,214.762860211735
253,OS,OS,PD,,5/14/2025 11:27:05 AM,,RP+5 Case 22257,IN,0e9999ae-4f27-4a59-9052-2ef491c9832f,69089.34375,1325.60261542034
254,RC,RC,PD,,5/14/2025 11:27:05 AM,,RP+5 Case 22257,IN,fc7c41de-fbd5-4898-9352-3b0be42b8efd,2402.28515625,199.112298632628
255,OS,OS,PD,,5/14/2025 11:27:05 AM,,RP+5 Case 22257,IN,206f2c8e-115a-4ded-af0b-a874c7541cf5,2162.83203125,218.627759353966
256,OS,OS,PD,,5/14/2025 11:27:05 AM,,RP+5 Case 22257,IN,77ef6c4e-9fdf-47ec-91cb-0cad8d9b95ec,52512.58203125,1099.59392157558
257,OS,OS,PD,,5/14/2025 11:27:05 AM,,RP+5 Case 22257,IN,c54cb9e9-d5b9-41be-a3a5-fda2be3cc75a,3312.734375,249.885902483184
258,RR,RR,PD,,5/14/2025 11:27:05 AM,,RP+5 Case 22257,IN,20de39f3-0df8-4067-9220-7f35aec3b562,761843.23828125,6300.62702108045
259,RC,RC,PD,,5/14/2025 11:27:05 AM,,RP+5 Case 22257,IN,1b8a5513-b98c-42a5-865f-417efb10c1a6,770.39453125,126.667361365338
260,OS,OS,PD,,5/14/2025 11:27:05 AM,,RP+5 Case 22257,IN,59361e93-41f7-4e4e-a633-8b4161e820b3,7145.10546875,335.742900664844
261,OS,OS,PD,,5/14/2025 11:27:05 AM,,RP+5 Case 22257,IN,685163f3-8109-4565-bea5-32b20867acb0,6308.640625,354.856593592182
262,OS,OS,PD,,5/14/2025 11:27:05 AM,,RP+5 Case 22257,IN,a760e747-3a11-4eb4-95a2-a2d70d40d996,5311.4453125,307.628536065265
263,RC,RC,PD,,5/14/2025 11:27:05 AM,,RP+5 Case 22257,IN,33aef45d-3a6c-4e22-9d6d-3edd9ad5aa64,4223.1796875,327.325643352641
264,OS,OS,PD,,5/14/2025 11:27:05 AM,,RP+5 Case 22257,IN,c45a9924-562a-4942-a5c0-3c7ca7a38e6a,6902.42578125,367.619204390901
265,RR,RR,PD,,5/14/2025 11:27:05 AM,,RP+5 Case 22257,IN,e6efaa1f-fbae-4a19-91aa-93b825d5a423,31510.10546875,864.427249012019
266,RC,RC,PD,,5/14/2025 11:27:05 AM,,RP+5 Case 22257,IN,83ec6300-1e06-4997-8f37-dbcc90beed39,139323.5625,1842.79361348979
267,OS,OS,PD,,5/14/2025 11:27:05 AM,,RP+5 Case 22257,IN,a94b217f-aedf-4c41-9ced-43dfc2cf0514,2344.01953125,235.308890806338
268,OS,OS,PD,,5/14/2025 11:27:05 AM,,RP+5 Case 22257,IN,3c19caae-8fcd-458f-a979-30eb4702659b,5784.96875,331.229665382289
269,OS,OS,PD,,5/14/2025 11:27:05 AM,,RP+5 Case 22257,IN,ee1dc454-fb90-42ac-910f-8e763c941d28,4950.140625,319.57342819641
270,OS,OS,PD,,5/14/2025 11:27:05 AM,,RP+5 Case 22257,IN,fa78606b-1539-477f-bb1d-b3aac60afb90,137105.73828125,1788.01168454693
271,OS,OS,PD,,5/14/2025 11:27:05 AM,,RP+5 Case 22257,IN,3863a54b-d8f1-49da-a8c7-0eaa9d309373,21163.3203125,648.161546358572
272,RR,RR,PD,,5/14/2025 11:27:05 AM,,RP+5 Case 22257,IN,76535b32-b090-4a18-bce7-c1b0b6b06d91,198338.3359375,2593.63439697254
273,RR,RR,PD,,5/14/2025 11:27:05 AM,,RP+5 Case 22257,IN,87583753-bbd6-4df0-bb87-3f5c21c22863,2236.77734375,191.599497705108
274,OS,OS,PD,,5/14/2025 11:27:05 AM,,RP+5 Case 22257,IN,12bd9b94-0676-489c-868d-3b17e95e2a02,46282.46484375,904.564727469925
275,OS,OS,PD,,5/14/2025 11:27:05 AM,,RP+5 Case 22257,IN,09beee5d-8377-4379-9134-2ff7559c0067,2753.77734375,210.267510700121
276,RC,RC,PD,,5/14/2025 11:27:05 AM,,RP+5 Case 22257,IN,2322401a-91d7-46b9-9c24-c157a909f6e0,17540.34765625,605.891659318243
277,RR,RR,PD,,5/14/2025 11:27:05 AM,,RP+5 Case 22257,IN,0f5e5122-8d0f-445a-a8e5-1ec59cb160d4,658465.9609375,3648.00953058428
278,OS,OS,PD,,5/14/2025 11:27:05 AM,,RP+5 Case 22257,IN,678eda29-b076-430e-b28d-3771b72332aa,34866.90625,899.586961909951
279,RC,RC,PD,,5/14/2025 11:27:05 AM,,RP+5 Case 22257,IN,a68c6960-c77f-4ae4-8902-a5a3fff66696,118635.2109375,1928.85055424267
280,OS,OS,PD,,5/14/2025 11:27:05 AM,,RP+5 Case 22257,IN,dae6c4d6-0e9a-4549-b79a-bd5ed677ab79,5419.65234375,291.392339970047
281,RC,RC,PD,,5/14/2025 11:27:05 AM,,RP+5 Case 22257,IN,3264bbac-8e30-4160-9e9b-10a532db35e6,2679.55859375,213.114980867943
282,RC,RC,PD,,5/14/2025 11:27:05 AM,,RP+5 Case 22257,IN,2231163d-9a6d-4179-bb95-5f045fc590e3,199408.3984375,2101.6050138829
283,OS,OS,PD,,5/14/2025 11:27:05 AM,,RP+5 Case 22257,IN,23a8368d-9be2-47f3-bc07-0c0ba1c51f1c,15743.0390625,628.928572418245
284,OS,OS,PD,,5/14/2025 11:27:05 AM,,RP+5 Case 22257,IN,eb0e3909-0639-461f-907a-3bacf19df0be,9182125.16796875,28911.6991589024
285,OS,OS,PD,,5/14/2025 11:27:05 AM,,RP+5 Case 22257,IN,74b3759f-e4d5-4818-8aa7-9539d063cc8d,9951.703125,375.129699970487
286,OS,OS,PD,,5/14/2025 11:27:05 AM,,RP+5 Case 22257,IN,9e087141-7d59-4837-bf3b-4db24d08840c,834.078125,132.783483416134
287,RC,RC,PD,,5/14/2025 11:27:05 AM,,RP+5 Case 22257,IN,db4cb98a-db2c-496f-9dc6-5ef6150cc290,9605.3515625,407.874591722705
288,OS,OS,PD,,5/14/2025 11:27:05 AM,,RP+5 Case 22257,IN,3d19926e-5b41-44e8-966f-224710ca7899,4855.80078125,275.225502138463
289,OS,OS,PD,,5/14/2025 11:27:05 AM,,RP+5 Case 22257,IN,fcff8571-fbbf-4a3d-96d4-5a0c18005b52,16974.328125,627.364218953324
290,OS,OS,PD,,5/14/2025 11:27:05 AM,,RP+5 Case 22257,IN,e36f1d3a-1840-445b-a633-05f57d5fc80d,687508.5390625,3348.94721370648
291,RC,RC,PD,,5/14/2025 11:27:05 AM,,RP+5 Case 22257,IN,dd34de73-f99f-4949-bebc-2fecde3554b7,124889.265625,2200.93379685452
292,RR,RR,PD,,5/14/2025 11:27:05 AM,,RP+5 Case 22257,IN,fad5e649-b743-4dbe-989b-e93250a6fbd1,2453.9921875,247.867035600836
293,OS,OS,PD,,5/14/2025 11:27:05 AM,,RP+5 Case 22257,IN,1ad2be1f-6551-47b2-905e-c4c08df4c685,1225.6640625,169.344869223128
294,OS,OS,PD,,5/14/2025 11:27:05 AM,,RP+5 Case 22257,IN,f5d14af7-4eb9-41f8-ba32-6d01801ac336,825581.1796875,11025.3324384814
295,OS,OS,PD,,5/14/2025 11:27:05 AM,,RP+5 Case 22257,IN,6ccce04d-2369-4698-8fbb-6b74fcf86818,29780.98046875,808.862537401359
296,RC,RC,PD,,5/14/2025 11:27:05 AM,,RP+5 Case 22257,IN,405552f8-6ff5-400c-8f5b-509057f59e71,14862.91015625,490.606955086178
297,OS,OS,PD,,5/14/2025 11:27:05 AM,,RP+5 Case 22257,IN,423071f6-938d-4493-96ba-dd206d49d382,2049.2734375,186.051794174336
298,RC,RC,PD,,5/14/2025 11:27:05 AM,,RP+5 Case 22257,IN,f0072ef3-373b-40ec-8d86-e014cbcd7f22,4598.8984375,304.803832606841
299,RC,RC,PD,,5/14/2025 11:27:05 AM,,RP+5 Case 22257,IN,2b201abe-5f68-47fe-8f50-07f226afe70a,7065.734375,454.656812063548
300,RC,RC,PD,,5/14/2025 11:27:05 AM,,RP+5 Case 22257,IN,500ef8fe-da6f-49dd-b75e-0a0714639434,2690.26171875,223.241141065976
301,RC,RC,PD,,5/14/2025 11:27:05 AM,,RP+5 Case 22257,IN,59adfe24-bac8-4609-bcfa-681e303f9151,172710.51953125,1944.29394964255
302,OS,OS,PD,,5/14/2025 11:27:05 AM,,RP+5 Case 22257,IN,f7eaf407-e765-483c-a94a-5e788782e65e,73834.5546875,1067.8991415017
303,RR,RR,PD,,5/14/2025 11:27:05 AM,,RP+5 Case 22257,IN,3021842d-087d-4b33-962f-6729956fc325,1066.96875,150.912147245724
304,OS,OS,PD,,5/14/2025 11:27:05 AM,,RP+5 Case 22257,IN,3ad2c8ac-096c-4bf9-9ca4-70630da0451b,57792.828125,934.721353396286
305,OS,OS,PD,,5/14/2025 11:27:05 AM,,RP+5 Case 22257,IN,7addd1eb-3bcb-4d3c-9849-9094384ca0cf,1048.375,149.782810527094
306,OS,OS,PD,,5/14/2025 11:27:05 AM,,RP+5 Case 22257,IN,a52d4067-640f-465d-8df4-e19f805c2843,1297.53125,175.977730586335
307,OS,OS,PD,,5/14/2025 11:27:05 AM,,RP+5 Case 22257,IN,a9c79413-f689-4329-ad7c-ccbe2f56be2c,34759.15234375,836.42361279474
308,RR,RR,PD,,5/14/2025 11:27:05 AM,,RP+5 Case 22257,IN,c3f3d564-d767-48cd-a661-0fcd05fa215a,1257.8984375,177.375715665845
309,HARB,HH,PD,,5/14/2025 11:27:05 AM,,RP+5 Case 22257,IN,4c62ba95-b3c0-44d5-b8c6-086f1ae6cbcc,166911.05859375,1541.24070483921
310,HARB,HH,PD,,5/14/2025 11:27:05 AM,,RP+5 Case 22257,IN,7d29eae3-6934-49e2-a5a8-9b2f57ad3a52,2602377.6875,13265.9250051307
311,RR,RR,PD,,5/14/2025 11:27:05 AM,,RP+5 Case 22257,IN,e9a35aef-a602-4592-9c6e-aaa4f62d7684,270969.19921875,3387.17045427374
312,OS,OS,PD,,5/14/2025 11:27:05 AM,,RP+5 Case 22257,IN,119b25e1-a223-44e6-a614-0d81b951a958,15763.26171875,646.148784848246
313,HARB,HH,PD,,5/14/2025 11:27:05 AM,,RP+5 Case 22257,IN,81edd404-c209-4078-833a-302e3e5a17ad,0.2109375,4.99778120467531
314,OS,OS,PD,,5/14/2025 11:27:05 AM,,RP+5 Case 22257,IN,f62a5659-c817-418b-bd4a-d81e3d5982e3,21160602.8554688,28028.4964265635
315,OS,OS,PD,,5/14/2025 11:27:05 AM,,RP+5 Case 22257,IN,79d5c7fd-614f-4ea7-aa2e-384133fcf2a7,32929.62890625,1033.8583650882
316,IP,IP,SD,,2/5/2026 2:56:16 PM,2/2/2026 12:00:00 AM,MINORREV-2025-02922,IN,db9feb8f-8ce1-4d72-a3e5-e38fc990b832,31239866.6679688,27607.4574759815
317,RR,RR,PD,,5/14/2025 11:27:05 AM,,RP+5 Case 22257,IN,7f2ac940-da7d-44e2-8021-5ddfb2963979,741345.6328125,4738.94680648801
318,RC,RC,PD,,5/14/2025 11:27:05 AM,,RP+5 Case 22257,IN,ea52663e-c925-4fa5-85b2-08dcd71b8c47,2126.9765625,195.206821020001
319,RR,RR,PD,,5/14/2025 11:27:05 AM,,RP+5 Case 22257,IN,be54f213-f40c-4599-8b86-9179e7e8c6f2,2009.53125,193.111198790129
320,RC,RC,PD,,5/14/2025 11:27:05 AM,,RP+5 Case 22257,IN,95cac61e-2ce7-4326-9822-cdf1dd0b68b0,239425,2467.0465380932
321,OS,OS,PD,,5/14/2025 11:27:05 AM,,RP+5 Case 22257,IN,f0703345-fc78-42d6-a5d6-9139f7a85349,24752.0859375,759.538503743895
322,OS,OS,PD,,5/14/2025 11:27:05 AM,,RP+5 Case 22257,IN,5ab14527-971e-4f7f-833d-1ed0e8fd2ae2,2009.52734375,193.111105415904
323,RC,RC,PD,,5/14/2025 11:27:05 AM,,RP+5 Case 22257,IN,3d944c56-fc01-43aa-b2b3-f94e9c60108c,1042.60546875,154.982287143526
324,OS,OS,PD,,5/14/2025 11:27:05 AM,,RP+5 Case 22257,IN,f53bee5b-ca50-4c40-b18f-1ebd9a15bff0,12880.26171875,490.988034355177
325,RC,RC,PD,,5/14/2025 11:27:05 AM,,RP+5 Case 22257,IN,19fb382c-633b-4709-a9fb-641b9a289e7b,2572.4140625,210.563049819736
326,OS,OS,PD,,5/14/2025 11:27:05 AM,,RP+5 Case 22257,IN,a7c29ffc-ddf3-4421-bf48-1f9b0803e42e,27189.140625,732.808505534109
327,RC,RC,PD,,5/14/2025 11:27:05 AM,,RP+5 Case 22257,IN,a6066a56-fddf-4e01-b864-f4607f4edc9d,2149.08203125,254.339003831062
328,OS,OS,PD,,5/14/2025 11:27:05 AM,,RP+5 Case 22257,IN,3ed4f422-f80f-4672-ae06-bb671317b63d,35361.13671875,831.442179764315
329,RC,RC,PD,,5/14/2025 11:27:05 AM,,RP+5 Case 22257,IN,eef02131-28c9-4a48-8877-f2c515954673,13953.9296875,571.186949112852
330,RC,RC,PD,,5/14/2025 11:27:05 AM,,RP+5 Case 22257,IN,84e5284a-9838-4d9d-a46f-475b8449267b,4368.33984375,304.162335027214
331,OS,OS,PD,,5/14/2025 11:27:05 AM,,RP+5 Case 22257,IN,c0a120ce-b35b-47cb-9a18-2418f2beba8b,921.07421875,159.744890268371
332,RC,RC,PD,,5/14/2025 11:27:05 AM,,RP+5 Case 22257,IN,7aa2d3bf-be7a-493b-b480-6cc50e7e78e4,98328.15234375,1306.59305629601
333,OS,OS,PD,,5/14/2025 11:27:05 AM,,RP+5 Case 22257,IN,fde4e507-7c11-4b7c-91a8-8fa36ef15280,4573.046875,328.602072658419
334,OS,OS,PD,,5/14/2025 11:27:05 AM,,RP+5 Case 22257,IN,f11916b5-c4e3-4d18-8b0c-c8eaa4fb0f30,3680.01171875,252.574004239313
335,RC,RC,PD,,5/14/2025 11:27:05 AM,,RP+5 Case 22257,IN,2f0ebf9e-bcbf-48bc-9fd0-ad315656d172,131291.23046875,2025.33837101527
336,OS,OS,PD,,5/14/2025 11:27:05 AM,,RP+5 Case 22257,IN,61314270-5cf9-48e7-ae37-b3a74352aea5,53192.80078125,1338.83556193535
337,OS,OS,PD,,5/14/2025 11:27:05 AM,,RP+5 Case 22257,IN,aabf100f-ecbd-4357-9223-fa7c8d715531,2008.76953125,217.700468776407
338,RC,RC,PD,,5/14/2025 11:27:05 AM,,RP+5 Case 22257,IN,0625c4dc-9422-4b5c-a1aa-ccdc2626ee2c,114571.44140625,1961.94992782994
339,RC,RC,PD,,5/14/2025 11:27:05 AM,,RP+5 Case 22257,IN,8ebb1944-a444-4be3-88da-6da3c1c9d378,3771.9921875,252.884390851906
340,RC,RC,PD,,5/14/2025 11:27:05 AM,,RP+5 Case 22257,IN,cdc14a54-ce7e-42a1-874c-0cc4d63e4dfb,1330539.08203125,9794.0496413073
341,OS,OS,PD,,5/14/2025 11:27:05 AM,,RP+5 Case 22257,IN,3e806a52-576f-4fc5-acb5-fd02e17c1cbd,3682734.1953125,13540.015448089
342,OS,OS,PD,,5/14/2025 11:27:05 AM,,RP+5 Case 22257,IN,cb6dd82e-a569-464b-a6a6-aaab69d665d0,933.98828125,142.344107555083
343,RR,RR,PD,,5/14/2025 11:27:05 AM,,RP+5 Case 22257,IN,32cdb92f-85a0-404c-843c-02b11ccfe832,7204.51171875,343.53134953589
344,OS,OS,PD,,5/14/2025 11:27:05 AM,,RP+5 Case 22257,IN,c786d6ad-cd97-4f90-b625-752c06a5ce21,20332.265625,611.035979560197
345,OS,OS,PD,,5/14/2025 11:27:05 AM,,RP+5 Case 22257,IN,24fb9545-2ad6-48df-ae29-770af3009df8,9248.96875,413.023442345612
346,OS,OS,PD,,5/14/2025 11:27:05 AM,,RP+5 Case 22257,IN,01f810e0-efbe-4ade-92d2-0830e93cff90,296831.53125,2672.44687032974
347,OS,OS,PD,,5/14/2025 11:27:05 AM,,RP+5 Case 22257,IN,3bd69d80-b674-4e1c-bd64-c4bccc26e1a6,27914.4921875,846.211142399681
348,OS,OS,PD,,5/14/2025 11:27:05 AM,,RP+5 Case 22257,IN,c953461d-0f55-4004-9d63-8592235cddd2,10480.9375,384.902463996429
349,OS,OS,PD,,5/14/2025 11:27:05 AM,,RP+5 Case 22257,IN,fda42e0f-72d9-43bf-b0dc-63ba45c5d187,57756.9609375,1076.15277206319
350,OS,OS,PD,,5/14/2025 11:27:05 AM,,RP+5 Case 22257,IN,5dbde774-2f9a-47f0-8de2-bb57ff3a89c9,121620.7890625,1476.23201212098
351,OS,OS,PD,,5/14/2025 11:27:05 AM,,RP+5 Case 22257,IN,4599e39a-623c-495d-8d6f-9686446ec333,2379.91015625,239.511471411615
352,OS,OS,PD,,5/14/2025 11:27:05 AM,,RP+5 Case 22257,IN,82e80d12-c984-4249-822c-25f33a46471e,16423.78515625,477.735119875345
353,RC,RC,PD,,5/14/2025 11:27:05 AM,,RP+5 Case 22257,IN,ab8b4535-ff6e-435c-8511-a7b21a86c7b7,8531.9609375,365.829041919526
354,RC,RC,PD,,5/14/2025 11:27:05 AM,,RP+5 Case 22257,IN,65d6e598-c704-40de-8eb3-73895126efea,1256.9296875,163.066419227319
355,RC,RC,PD,,5/14/2025 11:27:05 AM,,RP+5 Case 22257,IN,cd36a51c-bb1f-4464-9927-58e134ac656e,1052.48046875,149.322234590834
356,RC,RC,PD,,5/14/2025 11:27:05 AM,,RP+5 Case 22257,IN,cd71ad05-4777-4859-9c3e-1e8761a4fc87,59811.921875,1180.96263087055
357,RR,RR,PD,,5/14/2025 11:27:05 AM,,RP+5 Case 22257,IN,78760785-81ac-408a-898f-4c85205a5ff8,6156.9609375,302.561421275512
358,RR,RR,PD,,5/14/2025 11:27:05 AM,,RP+5 Case 22257,IN,7b1bd6de-d17b-45d7-bbf0-ebdab9535e50,2851.33984375,232.120060448056
359,HARB,HH,PD,,5/14/2025 11:27:05 AM,,RP+5 Case 22257,IN,0d1c0f85-0c8d-48a3-bead-bf32b8614aba,1052017.93359375,7535.815956916
360,RC,RC,PD,,5/14/2025 11:27:05 AM,,RP+5 Case 22257,IN,90001fcb-5e30-47a9-b5b1-9a5df59d1606,2838.921875,220.271577802511
361,RC,RC,PD,,5/14/2025 11:27:05 AM,,RP+5 Case 22257,IN,2b02ae6a-144f-4a92-ac37-ea6cf7d16f2e,2007.703125,207.31829521733
362,OS,OS,PD,,5/14/2025 11:27:05 AM,,RP+5 Case 22257,IN,2308cfb7-0439-459e-8938-678275ca5220,17155.75,711.999063047682
363,RC,RC,PD,,5/14/2025 11:27:05 AM,,RP+5 Case 22257,IN,ef0784cb-eb5c-40c7-b3cb-7e6d481b0467,7195.01953125,417.052344229153
364,IP,IP,SD,,5/14/2025 11:27:05 AM,,RP+5 Case 22257,IN,152ba849-1a18-45b0-84e6-edf9420e9805,7484932.83203125,13658.2895517515
365,RC,RC,PD,,5/14/2025 11:27:05 AM,,RP+5 Case 22257,IN,423355ab-ac30-427d-94a1-68d9efd8ffff,22059.00390625,710.490549207983
366,OS,OS,PD,,5/14/2025 11:27:05 AM,,RP+5 Case 22257,IN,1ab5da79-ede6-4624-90cf-f482708c983b,51413126.2695313,60473.1967222457
367,OS,OS,PD,,5/14/2025 11:27:05 AM,,RP+5 Case 22257,IN,f77a6bc9-17a0-4a6b-92d3-9ff28cb315be,937.82421875,151.048137376005
368,OS,OS,PD,,5/14/2025 11:27:05 AM,,RP+5 Case 22257,IN,db1eb78a-c6fe-4ee5-9383-020c95498e88,4967.921875,353.403663495273
369,OS,OS,PD,,5/14/2025 11:27:05 AM,,RP+5 Case 22257,IN,a0bf6243-a6af-4f2b-900b-37dcbb9622ce,245703.59375,3365.3251967001
370,RR,RR,PD,,5/14/2025 11:27:05 AM,,RP+5 Case 22257,IN,2302d624-655d-47cb-b473-d7656d51a5ca,1335.17578125,170.185302872821
371,OS,OS,PD,,5/14/2025 11:27:05 AM,,RP+5 Case 22257,IN,3b00d50d-24b4-4b92-a5cb-8b030de9fd27,5018.99609375,299.299899105806
372,OS,OS,PD,,5/14/2025 11:27:05 AM,,RP+5 Case 22257,IN,eb13cb9d-c085-4ba7-ab31-2b1954d23b4c,1054.0859375,151.783785464296
373,RR,RR,PD,,5/14/2025 11:27:05 AM,,RP+5 Case 22257,IN,5f4bf126-6cf3-4d81-821f-6288abe0320b,5743.8828125,351.978640515726
374,OS,OS,PD,,5/14/2025 11:27:05 AM,,RP+5 Case 22257,IN,c78781eb-4cea-4f05-9b8a-0d86eb48b463,17095.30859375,502.617545471051
375,RR,RR,PD,,5/14/2025 11:27:05 AM,,RP+5 Case 22257,IN,6450ed1e-9b5a-4e72-8a17-19a3886d9e7a,594145.47265625,4336.07285394158
376,RC,RC,PD,,5/14/2025 11:27:05 AM,,RP+5 Case 22257,IN,bdf3b327-5336-487c-b19d-cd650d63b254,2854.41796875,227.750571145442
377,RC,RC,PD,,5/14/2025 11:27:05 AM,,RP+5 Case 22257,IN,be137f27-7e70-4044-b6a6-df4e13f66c9c,14062.0390625,531.530451275113
378,RC,RC,PD,,5/14/2025 11:27:05 AM,,RP+5 Case 22257,IN,16a82385-11e8-4e64-95c1-41f8362f9a6a,211429.0703125,2085.65935300139
379,OS,OS,PD,,5/14/2025 11:27:05 AM,,RP+5 Case 22257,IN,b51eca5b-b5f0-4aa0-b1d1-12e100754dc8,6753.125,339.136013655789
380,OS,OS,PD,,5/14/2025 11:27:05 AM,,RP+5 Case 22257,IN,bd632eff-4762-4169-8178-8ad78eae9460,36880.30078125,900.203985813268
381,OS,OS,PD,,5/14/2025 11:27:05 AM,,RP+5 Case 22257,IN,f53d407d-365f-439d-bed0-9ce3d1de1187,789.62890625,130.562317818776
382,RC,RC,PD,,5/14/2025 11:27:05 AM,,RP+5 Case 22257,IN,ccd54251-d108-403d-988c-c5e532be4d83,999.265625,160.823722067258
383,RR,RR,PD,,5/14/2025 11:27:05 AM,,RP+5 Case 22257,IN,a0a354b7-79eb-4648-ab44-65b647a2cb38,1630.38671875,197.146356404444
384,RR,RR,PD,,5/14/2025 11:27:05 AM,,RP+5 Case 22257,IN,5eb1a355-02f8-4779-8906-f1bb5091f4a9,2130.83203125,226.726863749885
385,RC,RC,PD,,5/14/2025 11:27:05 AM,,RP+5 Case 22257,IN,4b4572d3-29b9-4ad6-9ef6-ef76df016e75,4381.015625,265.008745433425
386,OS,OS,PD,,5/14/2025 11:27:05 AM,,RP+5 Case 22257,IN,952443d6-5b7a-43d5-a90d-e8a5f7ac9e87,138.6875,209.25589163053
387,RC,RC,PD,,5/14/2025 11:27:05 AM,,RP+5 Case 22257,IN,4b418f2e-e8b0-4b55-94c0-f95cbac9334f,40551720.9960938,62137.3676395467
388,OS,OS,PD,,5/14/2025 11:27:05 AM,,RP+5 Case 22257,IN,82dac855-9b91-4333-9c79-b1e8865e1130,5247283.21875,12252.0322397581
389,RC,RC,PD,,5/14/2025 11:27:05 AM,,RP+5 Case 22257,IN,763c0658-d680-44ae-aa5f-97ac6b835fb1,1097.53515625,171.304645107551
390,RC,RC,PD,,5/14/2025 11:27:05 AM,,RP+5 Case 22257,IN,e313f685-ce09-452b-b48a-89c82a7108e7,16180.95703125,507.946352262827
391,OS,OS,PD,,5/14/2025 11:27:05 AM,,RP+5 Case 22257,IN,d937695e-498f-4f81-916a-6bda457123a0,307434.98046875,3588.18465970458
392,OS,OS,PD,,5/14/2025 11:27:05 AM,,RP+5 Case 22257,IN,1e502582-1d00-4dd6-b0d5-16a5080f2711,11145.77734375,518.063484136087
393,RR,RR,PD,,5/14/2025 11:27:05 AM,,RP+5 Case 22257,IN,19ee3204-255f-47d2-9c6b-368819901896,6787.625,358.973626048137
394,RC,RC,PD,,5/14/2025 11:27:05 AM,,RP+5 Case 22257,IN,e3ca5ebb-bab7-4542-a0c4-8b7be9080f32,5990.45703125,375.610673190818
395,OS,OS,PD,,5/14/2025 11:27:05 AM,,RP+5 Case 22257,IN,d8194332-a008-4e19-a054-a7436dcf2cd9,62392.6015625,1279.25096920136
396,RC,RC,PD,,5/14/2025 11:27:05 AM,,RP+5 Case 22257,IN,26d4db93-83d9-4664-8b55-e047efddd42a,33954.24609375,785.774600388618
397,OS,OS,PD,,5/14/2025 11:27:05 AM,,RP+5 Case 22257,IN,1a790be1-eca0-4e46-805d-29cd3eacc4a1,15381.30859375,561.332068905538
398,RC,RC,PD,,5/14/2025 11:27:05 AM,,RP+5 Case 22257,IN,f504ff3a-8024-433a-b250-5b6cfd13f60d,1107.828125,158.54888230539
399,RR,RR,PD,,5/14/2025 11:27:05 AM,,RP+5 Case 22257,IN,e1292098-78c6-4a1c-a156-08cf9af1f037,46364.55078125,784.670198251333
400,RC,RC,PD,,5/14/2025 11:27:05 AM,,RP+5 Case 22257,IN,29499935-9ac5-4830-883a-789d8922ae5f,1132.546875,158.18952612737
401,RC,RC,PD,,5/14/2025 11:27:05 AM,,RP+5 Case 22257,IN,23e473d5-d1e4-4842-91fb-6ae73b3e0dd7,1410.8515625,173.827483716355
402,RC,RC,PD,,5/14/2025 11:27:05 AM,,RP+5 Case 22257,IN,bcf7b840-0eec-4a1e-8cba-2cf88bd9e401,5633109.46484375,23900.1152625365
403,RC,RC,PD,,5/14/2025 11:27:05 AM,,RP+5 Case 22257,IN,eef5599b-3742-44e7-a4f4-18078ec7382b,4264344.6484375,18849.2689572554
404,RR,RR,PD,,5/14/2025 11:27:05 AM,,RP+5 Case 22257,IN,511cc2c8-7923-42f7-9d66-e3381c3b76e8,1054.08984375,151.784030731741
405,UR,UR,PD,,5/14/2025 11:27:05 AM,,RP+5 Case 22257,IN,658f2d0b-e2e1-486e-88a1-72918d4b85a1,6623449.8046875,14471.8114421865
406,RC,RC,PD,,5/14/2025 11:27:05 AM,,RP+5 Case 22257,IN,8fcbe5c0-86a7-4487-90ab-9a945a391e74,78348.4140625,1195.56217009933
407,OS,OS,PD,,5/14/2025 11:27:05 AM,,RP+5 Case 22257,IN,3ae8cf46-5f4a-4d9d-aba3-d707bc331f71,17091.67578125,706.735543675086
408,OS,OS,PD,,5/14/2025 11:27:05 AM,,RP+5 Case 22257,IN,9ee0313b-ad7b-4492-96e8-0e4331acb301,929.1015625,139.1752726883
409,OS,OS,PD,,5/14/2025 11:27:05 AM,,RP+5 Case 22257,IN,bbdddb36-58c5-4d5f-b3c9-2659f8805233,7238.5,357.489706538146
410,OS,OS,PD,,5/14/2025 11:27:05 AM,,RP+5 Case 22257,IN,4edfe9bc-ff93-49bb-8043-5c2ce1f545c3,1037201.30859375,6213.36370596274
411,RC,RC,PD,,5/14/2025 11:27:05 AM,,RP+5 Case 22257,IN,c35c6c29-9c52-4c06-a752-e20e8b916957,959.60546875,144.181232956867
412,OS,OS,PD,,5/14/2025 11:27:05 AM,,RP+5 Case 22257,IN,5b10093f-9771-4121-99df-9874ad2df683,1410.35546875,171.347785885439
413,RC,RC,PD,,5/14/2025 11:27:05 AM,,RP+5 Case 22257,IN,e4debfa4-8dc0-4d4a-adfb-46a5cdd6e74e,15264.87109375,589.728723343626
414,OS,OS,PD,,5/14/2025 11:27:05 AM,,RP+5 Case 22257,IN,c884509f-b02b-4146-9b94-0100ed325ba3,7625.98828125,361.183946415866
415,RR,RR,PD,,5/14/2025 11:27:05 AM,,RP+5 Case 22257,IN,81a4f8b9-fe34-4315-a050-d2a1916a0058,1129.1875,153.236704441985
416,OS,OS,PD,,5/14/2025 11:27:05 AM,,RP+5 Case 22257,IN,9b511c83-4cbc-4712-800a-c6cd9beb598a,973500.75390625,5154.21912870553
417,RR,RR,PD,,5/14/2025 11:27:05 AM,,RP+5 Case 22257,IN,ed228b92-dfa6-46e4-abc3-162247f83ee6,82585.4609375,1333.60829783157
418,RC,RC,PD,,5/14/2025 11:27:05 AM,,RP+5 Case 22257,IN,b2fedd15-c26e-4a88-81b5-053444fb285b,1440552.5390625,6584.48470253501
419,RR,RR,PD,,5/14/2025 11:27:05 AM,,RP+5 Case 22257,IN,64cbb2e8-dc43-48f9-b532-451d37f5b4c1,711704.2265625,4648.79843738572
420,HARB,HH,PD,,5/14/2025 11:27:05 AM,,RP+5 Case 22257,IN,9d0449c8-46a3-4083-8ab9-e325819b6624,2893757.3046875,27698.1893250883
421,IP,IP,SD,,5/14/2025 11:27:05 AM,,RP+5 Case 22257,IN,0b93b18e-bbe7-4e1c-b6c5-37b4419a44dd,42271557.7148438,34280.9849066013
422,RR,RR,PD,,5/14/2025 11:27:05 AM,,RP+5 Case 22257,IN,f74ed7d0-7c6e-4cb0-bdd3-538810159e57,35537.4453125,798.819270187023
423,OS,OS,PD,,5/14/2025 11:27:05 AM,,RP+5 Case 22257,IN,a2f4990e-0852-466c-93e9-8a61fcbfefc0,1003.28125,160.002815973652
424,RC,RC,PD,,5/14/2025 11:27:05 AM,,RP+5 Case 22257,IN,6222b14e-f254-4d73-8b05-c399f6c8f84d,3690.62890625,242.620464700473
425,RC,RC,PD,,5/14/2025 11:27:05 AM,,RP+5 Case 22257,IN,ad886f16-0e56-4508-bf72-b525f773388b,204243.703125,1915.83578151333
426,OS,OS,PD,,5/14/2025 11:27:05 AM,,RP+5 Case 22257,IN,0ffa25a8-ebec-4836-8f84-c64d7fa83481,2296.625,212.195881295791
427,OS,OS,PD,,5/14/2025 11:27:05 AM,,RP+5 Case 22257,IN,9d263b61-d132-4055-a0bd-421be4d24ab3,5594.2421875,338.988428466608
428,UR,UR,PD,,5/14/2025 11:27:05 AM,,RP+5 Case 22257,IN,f506e28a-1237-4d0a-9465-5c38727863e9,8854140.83203125,15285.4407589254
429,OS,OS,PD,,5/14/2025 11:27:05 AM,,RP+5 Case 22257,IN,8c22759b-1725-4f35-8f6f-aa11ba3f3aa9,6690.1953125,322.99908896221
430,OS,OS,PD,,5/14/2025 11:27:05 AM,,RP+5 Case 22257,IN,e3a81ab3-387c-44ea-894b-d3c80530e8d2,268123374.433594,181002.362172175
431,US,US,PD,,2/5/2026 2:57:15 PM,2/2/2026 12:00:00 AM,MINORREV-2025-02922,IN,0abbf905-8db3-4e51-8a9f-0a58ac37121d,163710719.367188,105111.875808955
432,RR,RR,PD,,5/14/2025 11:27:05 AM,,RP+5 Case 22257,IN,320231cb-2450-487a-bece-4f01e72e1844,4285.1328125,285.443818500326
433,RC,RC,PD,,5/14/2025 11:27:05 AM,,RP+5 Case 22257,IN,5e92f0f6-42e6-4c93-a3d7-367202fafe18,497745.91796875,3405.99365947494
434,RC,RC,PD,,5/14/2025 11:27:05 AM,,RP+5 Case 22257,IN,d5799822-2209-4b7f-94b0-546196420729,37673.03515625,876.186530832737
435,RC,RC,PD,,5/14/2025 11:27:05 AM,,RP+5 Case 22257,IN,74748cd6-1671-45df-a556-1e00700c82d2,31320.71484375,780.493130781402
436,OS,OS,PD,,5/14/2025 11:27:05 AM,,RP+5 Case 22257,IN,a76a2452-329a-4998-9662-c9e58d3f6b02,15547.0390625,545.308562195873
437,OS,OS,PD,,5/14/2025 11:27:05 AM,,RP+5 Case 22257,IN,234b6132-3661-491b-80f5-36fbf5a2d531,2661.63671875,246.932243993853
438,OS,OS,PD,,5/14/2025 11:27:05 AM,,RP+5 Case 22257,IN,c7e572ce-1eb4-482c-b572-3c9196318693,43152.97265625,981.414837858593
439,OS,OS,PD,,5/14/2025 11:27:05 AM,,RP+5 Case 22257,IN,5d8c9971-538b-4504-8913-4dc63d986bb8,306906434.332031,121212.087339652
440,RC,RC,PD,,5/14/2025 11:27:05 AM,,RP+5 Case 22257,IN,600851cd-d4f1-4b93-967b-13f7f23a629f,399902.1015625,3878.66663967307
441,OS,OS,PD,,5/14/2025 11:27:05 AM,,RP+5 Case 22257,IN,05e34c77-ad49-4896-9428-9365b39cce8c,9715.60546875,427.96802449455
442,OS,OS,PD,,5/14/2025 11:27:05 AM,,RP+5 Case 22257,IN,ef9e8641-5497-46c0-8a8d-f68b58bc3985,1873621.9453125,11882.9632072277
443,OS,OS,PD,,5/14/2025 11:27:05 AM,,RP+5 Case 22257,IN,cff3e6d1-7a50-4545-b32a-9e061c3fd7e5,26425.9921875,632.480284662833
444,RC,RC,PD,,5/14/2025 11:27:05 AM,,RP+5 Case 22257,IN,141e9aa0-d529-4d8a-8afd-3a826ec613bf,189180.40234375,2310.58661391657
445,OS,OS,PD,,5/14/2025 11:27:05 AM,,RP+5 Case 22257,IN,1923eb0e-4161-4d57-8d73-f52a5ce3b4c2,9858.8203125,381.814856730853
446,RC,RC,PD,,5/14/2025 11:27:05 AM,,RP+5 Case 22257,IN,b4cc53c8-fd02-49e0-8cc3-d47d9109d950,6334.7890625,442.096800433888
447,OS,OS,PD,,5/14/2025 11:27:05 AM,,RP+5 Case 22257,IN,8a36900e-adc0-4ef4-aeb5-8f0504a6122e,1271.17578125,163.463924981437
448,RC,RC,PD,,5/14/2025 11:27:05 AM,,RP+5 Case 22257,IN,2a253d4a-c0cf-4e50-838d-ee6fab9efb59,45873.44140625,912.56206114579
449,OS,OS,PD,,5/14/2025 11:27:05 AM,,RP+5 Case 22257,IN,fbc3f56f-990d-4045-aadc-b22fa811d6db,4214.828125,325.643613300932
450,RC,RC,PD,,5/14/2025 11:27:05 AM,,RP+5 Case 22257,IN,f206612f-a104-4bf5-b08b-acc59c966c72,30803.30859375,840.595504504162
451,OS,OS,PD,,5/14/2025 11:27:05 AM,,RP+5 Case 22257,IN,4d5141b1-aeb8-4513-b559-ec6954b91e9a,28185.57421875,842.439403454702
452,OS,OS,PD,,5/14/2025 11:27:05 AM,,RP+5 Case 22257,IN,f8258f52-a942-4fbe-a33c-d938d92bceab,1420.3984375,176.602782460283
453,OS,OS,PD,,5/14/2025 11:27:05 AM,,RP+5 Case 22257,IN,12dd782b-2b37-4b1f-a8f4-972322e52018,1015.7890625,147.949878463886
454,OS,OS,PD,,5/14/2025 11:27:05 AM,,RP+5 Case 22257,IN,78a72682-1b9d-416a-ba76-719726d2351c,114984.65625,1460.28740834037
455,OS,OS,PD,,5/14/2025 11:27:05 AM,,RP+5 Case 22257,IN,e725b77d-ef7b-4c49-b2af-c0a12229d5d8,1030.2578125,147.224798006338
456,RC,RC,PD,,5/14/2025 11:27:05 AM,,RP+5 Case 22257,IN,4c5f8768-11fc-4f24-a00b-0f1a334354b7,76912.15625,1478.44272353161
457,RR,RR,PD,,5/14/2025 11:27:05 AM,,RP+5 Case 22257,IN,606eb5b9-a5d0-443c-8c3c-816ed2bb527d,41213.08203125,1006.2062575516
458,OS,OS,PD,,5/14/2025 11:27:05 AM,,RP+5 Case 22257,IN,bca6841c-36a6-4fbf-b19e-d7590bfb7a07,491302.0078125,3230.63330296011
459,RC,RC,PD,,5/14/2025 11:27:05 AM,,RP+5 Case 22257,IN,ce50a2f1-6607-4c63-a4b3-b2b19308058a,51835.1328125,1207.31966778744
460,RR,RR,PD,,5/14/2025 11:27:05 AM,,RP+5 Case 22257,IN,9518ae77-e2ad-4eab-9956-74109555091f,3683.60546875,272.582887625144
461,RR,RR,PD,,5/14/2025 11:27:05 AM,,RP+5 Case 22257,IN,a464e113-ff94-4f58-99fa-5cf9d3bcba41,15023.34375,529.113181786324
462,HARB,HH,PD,,5/14/2025 11:27:05 AM,,RP+5 Case 22257,IN,135f4773-fc10-4d98-8186-a160b621fa2e,0.00390625,0.403307613931908
463,OS,OS,PD,,5/14/2025 11:27:05 AM,,RP+5 Case 22257,IN,63387aae-0e88-4395-aff5-09057b36ccae,84601.58984375,1297.89624231241
464,RR,RR,PD,,5/14/2025 11:27:05 AM,,RP+5 Case 22257,IN,10a70522-315f-4853-8858-db7a67046c66,1558.66796875,175.562262109578
465,OS,OS,PD,,5/14/2025 11:27:05 AM,,RP+5 Case 22257,IN,161281b8-b475-4924-8ca1-e688277068fc,11106.38671875,417.118520263951
466,OS,OS,PD,,5/14/2025 11:27:05 AM,,RP+5 Case 22257,IN,7a7448dc-586b-4472-b2ec-f0d7cf985452,54121.76171875,989.138336539712
467,IP,IP,SD,,5/14/2025 11:27:05 AM,,RP+5 Case 22257,IN,0309e7bd-3474-49fe-82f0-7a0b329d0613,1481174.8515625,5179.41084357807
468,RC,RC,PD,,5/14/2025 11:27:05 AM,,RP+5 Case 22257,IN,b970f71b-b950-4bed-996e-93f69c2bb0f4,3991.328125,280.477150682952
469,RC,RC,PD,,5/14/2025 11:27:05 AM,,RP+5 Case 22257,IN,d4bf041e-66d5-40d5-92f4-525e6b93921c,12369.82421875,440.058143499423
470,OS,OS,PD,,5/14/2025 11:27:05 AM,,RP+5 Case 22257,IN,ce984876-8df7-4048-b334-9847ccfaee6a,2116.2734375,220.994771916577
471,RC,RC,PD,,5/14/2025 11:27:05 AM,,RP+5 Case 22257,IN,f84d2e37-f401-462c-9356-00ff54213c2d,105886.06640625,1319.91571602895
472,RR,RR,PD,,5/14/2025 11:27:05 AM,,RP+5 Case 22257,IN,eacb6657-4ea2-442c-96de-4ee2b3946067,23109.91796875,701.371431562764
473,OS,OS,PD,,5/14/2025 11:27:05 AM,,RP+5 Case 22257,IN,ec0fe68e-684e-4876-b9ac-f4b2a288d8e0,32960.69140625,758.542367096947
474,OS,OS,PD,,5/14/2025 11:27:05 AM,,RP+5 Case 22257,IN,3a90974b-fe71-4ec6-b2c8-ba2f34f105f5,3512.6796875,244.265163841977
475,RC,RC,PD,,5/14/2025 11:27:05 AM,,RP+5 Case 22257,IN,30a635be-3b82-485c-a1a0-7320fe297a85,9691.1875,506.621779392418
476,RC,RC,PD,,5/14/2025 11:27:05 AM,,RP+5 Case 22257,IN,49e38c0f-c9ef-41a2-ae10-6864d8040725,1019166.05078125,6682.25232084591
477,OS,OS,PD,,5/14/2025 11:27:05 AM,,RP+5 Case 22257,IN,a3c5a59b-3c07-41fc-8c75-ce533eb60755,4351597.13671875,17293.1127242509
478,OS,OS,PD,,5/14/2025 11:27:05 AM,,RP+5 Case 22257,IN,1321ef5b-a00a-4a02-a5b7-7ebced3f9154,1900.09375,200.374515769318
479,OS,OS,PD,,5/14/2025 11:27:05 AM,,RP+5 Case 22257,IN,9574b72d-d975-429b-a83f-9276a9fbc69e,3983.35546875,277.911758954442
480,OS,OS,PD,,5/14/2025 11:27:05 AM,,RP+5 Case 22257,IN,be3390e9-9f16-477f-97bf-c66f375bf00f,37440.140625,816.677413488965
481,OS,OS,PD,,5/14/2025 11:27:05 AM,,RP+5 Case 22257,IN,828eeb9d-dc14-4b82-aac2-060786b73332,34931.51953125,1023.45068187008
482,OS,OS,PD,,5/14/2025 11:27:05 AM,,RP+5 Case 22257,IN,5d38aeb0-d981-4f9d-a572-716c3dcdbd6b,6728541.37890625,20632.4136051262
483,RC,RC,PD,,5/14/2025 11:27:05 AM,,RP+5 Case 22257,IN,31dff286-8817-46a2-8f88-5aff3bab7f1c,3335.6015625,240.960112307792
484,OS,OS,PD,,5/14/2025 11:27:05 AM,,RP+5 Case 22257,IN,255b6f8e-3c4f-451e-bbc6-d4557d56e73e,59543.3203125,1437.7278557951
485,IP,IP,SD,,5/14/2025 11:27:05 AM,,RP+5 Case 22257,IN,b6dffe0d-73cc-45bb-9648-4678cef690bd,4740875.75390625,12862.661726634
486,US,US,PD,,5/21/2025 7:48:48 PM,1/31/2023 12:00:00 AM,Case 22384,IN,37f2c454-6438-4493-9d19-aeea89d68bb7,427198.6015625,3866.82285290769
487,OS,OS,PD,,5/14/2025 11:27:05 AM,,RP+5 Case 22257,IN,3fc2df68-7fca-45ce-97f9-03b4c787ba95,63010.73828125,1189.84132631116
488,OS,OS,PD,,5/14/2025 11:27:05 AM,,RP+5 Case 22257,IN,c9572e69-e360-4aff-8a4e-16e9fc6b0794,228117.703125,2398.96266263611
489,RC,RC,PD,,5/14/2025 11:27:05 AM,,RP+5 Case 22257,IN,e9801956-1e88-4c8c-bb85-a1990531956a,9578.1015625,479.029591650831
490,OS,OS,PD,,5/14/2025 11:27:05 AM,,RP+5 Case 22257,IN,c4febe58-5452-4b5e-a83e-07c4c072b2e6,24836.75,1000.54127636579
491,OS,OS,PD,,5/14/2025 11:27:05 AM,,RP+5 Case 22257,IN,434dd7f8-1000-405e-bc8c-f80f8b8365e2,30473.55859375,793.044603383759
492,OS,OS,PD,,5/14/2025 11:27:05 AM,,RP+5 Case 22257,IN,6c9a67a8-e9a3-4927-bd96-0053084602d5,5986.52734375,321.953112226105
493,RC,RC,PD,,5/14/2025 11:27:05 AM,,RP+5 Case 22257,IN,c68a9bbd-38e3-4166-8485-5eb45251ed0a,962.28515625,141.539102920078
494,OS,OS,PD,,5/14/2025 11:27:05 AM,,RP+5 Case 22257,IN,9c8a50ee-5d84-4c6b-a07b-dd4c9e07890f,52500.86328125,1230.82843051034
495,RC,RC,PD,,5/14/2025 11:27:05 AM,,RP+5 Case 22257,IN,36f6e5f0-88a9-4382-b859-49d75d7ef1be,3255.15625,289.304395842529
496,RR,RR,PD,,5/14/2025 11:27:05 AM,,RP+5 Case 22257,IN,d80d5925-64ba-4546-bf2d-fb126b212b97,33328.38671875,767.879693434136
497,RR,RR,PD,,5/14/2025 11:27:05 AM,,RP+5 Case 22257,IN,4fe3466d-0fe5-4d0e-9f80-f8882aa97744,4920.8671875,306.372760593021
498,UR,UR,PD,,5/14/2025 11:27:05 AM,,RP+5 Case 22257,IN,445c6a07-5658-42ba-a1d6-53a78a08e675,9646915.3671875,17791.1195045983
499,OS,OS,PD,,5/14/2025 11:27:05 AM,,RP+5 Case 22257,IN,73635972-0663-4ea1-9137-98d2fec64b67,1660871.31640625,6380.00504525858
500,US,US,PD,,5/14/2025 11:27:05 AM,,RP+5 Case 22257,IN,47e9d321-fcc2-45e1-9df2-685a0c12f9d4,478307.78125,4347.08118359219
501,OS,OS,PD,,5/14/2025 11:27:05 AM,,RP+5 Case 22257,IN,5950554d-56ea-4d6a-bfab-d1d1d16345d0,12073.49609375,534.046462852864
502,HARB,HH,PD,,5/14/2025 11:27:05 AM,,RP+5 Case 22257,IN,5fc7b678-b258-4b7e-9cad-be2fab45b02e,9.21484375,27.5169787554758
503,OS,OS,PD,,5/14/2025 11:27:05 AM,,RP+5 Case 22257,IN,74578c09-1a94-414a-ab51-f9a3af8ef12e,36794.25,827.421595090005
504,RC,RC,PD,,5/14/2025 11:27:05 AM,,RP+5 Case 22257,IN,8ac98490-df66-4144-a4ad-3841e80b0ce8,2151.5859375,242.954295817125
505,OS,OS,PD,,5/14/2025 11:27:05 AM,,RP+5 Case 22257,IN,d4fa2096-1d9f-40cf-9935-1716ffd4c9a2,79285.765625,1252.93427488728
506,OS,OS,PD,,5/14/2025 11:27:05 AM,,RP+5 Case 22257,IN,dfb8d625-d982-486f-852d-bae98407fb80,1386118.4296875,5181.63239905417
507,RC,RC,PD,,5/14/2025 11:27:05 AM,,RP+5 Case 22257,IN,e0a79d76-4541-4c7f-8542-e143f5bf39ac,8339.02734375,447.694576523227
508,RC,RC,PD,,5/14/2025 11:27:05 AM,,RP+5 Case 22257,IN,f668bfb9-1411-44e3-9f62-d7317c1af0ea,56800.14453125,922.230390859909
509,RC,RC,PD,,5/14/2025 11:27:05 AM,,RP+5 Case 22257,IN,9128a946-af44-4bf7-9fd7-9c53d918d461,50481.39453125,914.854721296462
510,RC,RC,PD,,5/14/2025 11:27:05 AM,,RP+5 Case 22257,IN,48876ccd-517c-49c5-93d9-84f6bef0656a,406936316.300781,352683.531483204
511,RR,RR,PD,,5/14/2025 11:27:05 AM,,RP+5 Case 22257,IN,fe0e13cf-2a9e-4e86-91df-29913c78f004,2724.05078125,232.747828409272
512,OS,OS,PD,,5/14/2025 11:27:05 AM,,RP+5 Case 22257,IN,96cc88e2-21d2-4c38-916a-bf6947731dc0,10970.4765625,408.655844717196
513,OS,OS,PD,,5/14/2025 11:27:05 AM,,RP+5 Case 22257,IN,0c6f6b9b-121b-4d94-91b5-16c261702589,16115.328125,469.777017792428
514,OS,OS,PD,,5/14/2025 11:27:05 AM,,RP+5 Case 22257,IN,7fdd32e4-197f-4678-bb27-711becbe8770,13403.70703125,473.653078251436
515,RR,RR,PD,,5/14/2025 11:27:05 AM,,RP+5 Case 22257,IN,cc17312d-c7e1-4f39-9308-cb2785ac7df6,4767.24609375,306.134750809643
516,RC,RC,PD,,5/14/2025 11:27:05 AM,,RP+5 Case 22257,IN,be106e89-ed2d-469c-b5ec-bcffebc510c4,1256.22265625,168.592096012799
517,HARB,HH,PD,,5/14/2025 11:27:05 AM,,RP+5 Case 22257,IN,7d914622-3c26-4e56-a1cf-44c839391fee,5110204.66015625,19870.2733547024
518,RC,RC,PD,,5/14/2025 11:27:05 AM,,RP+5 Case 22257,IN,345d2c38-aa39-464d-b740-c939a1bffdfb,20034.58203125,741.344283960787
519,OS,OS,PD,,5/14/2025 11:27:05 AM,,RP+5 Case 22257,IN,8ebefcf9-d93b-47c3-bef9-d44ccc91511e,9937.89453125,410.746868446182
520,RC,RC,PD,,5/21/2025 8:38:58 PM,5/26/2018 12:00:00 AM,Case 21209,IN,f4ea6c51-53bb-40e0-bcfe-071f0b5b6111,616272.49609375,3549.55253527271
521,OS,OS,PD,,5/14/2025 11:27:05 AM,,RP+5 Case 22257,IN,f4d0391d-a97b-4664-a77f-0de45e77bebb,1066.05859375,160.060987779105
522,RC,RC,PD,,5/14/2025 11:27:05 AM,,RP+5 Case 22257,IN,23a5805b-6c8a-4f7f-b971-5d5e298ed376,180290.92578125,1812.53053251773
523,OS,OS,PD,,5/14/2025 11:27:05 AM,,RP+5 Case 22257,IN,217359f5-7e9b-4ec0-9394-c8a4c166ac21,1689.1484375,191.328743686086
524,HARB,HH,PD,,5/14/2025 11:27:05 AM,,RP+5 Case 22257,IN,2457786e-fc49-492b-bb5c-a2867607f35d,250323.64453125,7253.28275668222
525,RC,RC,PD,,5/14/2025 11:27:05 AM,,RP+5 Case 22257,IN,0c6ae53c-1032-405c-ad48-ffa78d9b6f07,22317.453125,665.394663230969
526,RC,RC,PD,,5/14/2025 11:27:05 AM,,RP+5 Case 22257,IN,253ebb75-f33f-4195-b0b6-8dbeb154dde7,3712.03515625,269.181721018902
527,OS,OS,PD,,5/14/2025 11:27:05 AM,,RP+5 Case 22257,IN,f0598ce6-911c-4422-9108-e5a3ed228fd6,882.4453125,137.067707163107
528,RC,RC,PD,,5/14/2025 11:27:05 AM,,RP+5 Case 22257,IN,6d57aab9-53e2-4c0b-8c1a-0d8f9ec16a9d,1789717.96875,14368.443116124
529,HARB,HH,PD,,5/14/2025 11:27:05 AM,,RP+5 Case 22257,IN,f4cd7020-8ca7-48da-ae9d-d06fe82baf7f,13369.0859375,654.969933024717
530,RC,RC,PD,,5/14/2025 11:27:05 AM,,RP+5 Case 22257,IN,645325c3-edd8-48ca-b586-c9bc8fee787d,20084.79296875,727.371757205306
531,RC,RC,PD,,5/14/2025 11:27:05 AM,,RP+5 Case 22257,IN,bdecff1b-570e-4784-b56a-338273e72a93,4077.38671875,261.279411284868
532,OS,OS,PD,,5/14/2025 11:27:05 AM,,RP+5 Case 22257,IN,53dd941d-9149-431d-928c-4e13e5d777c6,6862.11328125,337.203707130838
533,HARB,HH,PD,,5/14/2025 11:27:05 AM,,RP+5 Case 22257,IN,b3a817fa-3ca9-48cb-99fd-1ba8a5f78233,492310.05078125,4440.59319593084
534,RC,RC,PD,,5/14/2025 11:27:05 AM,,RP+5 Case 22257,IN,460e7818-bf1f-4af8-9801-b1483f055a64,6701.19921875,343.659609726395
535,HARB,HH,PD,,5/14/2025 11:27:05 AM,,RP+5 Case 22257,IN,e549f216-b6e8-4bf9-9aef-4bcbbea3fa1f,25627.10546875,784.530041401774
536,OS,OS,PD,,5/14/2025 11:27:05 AM,,RP+5 Case 22257,IN,65590d97-25ce-4be8-9edf-f38ce55a196c,9102.50390625,415.822086414426
537,RC,RC,PD,,5/14/2025 11:27:05 AM,,RP+5 Case 22257,IN,e4c73865-b990-4da6-a27b-c596f8a3856d,439833.43359375,4222.65224571838
538,RR,RR,PD,,5/14/2025 11:27:05 AM,,RP+5 Case 22257,IN,e102590d-52b8-4e1e-9a15-3595070ee439,1206759.44921875,5761.87775561434
539,RC,RC,PD,,5/14/2025 11:27:05 AM,,RP+5 Case 22257,IN,1e8c29a2-50db-45b7-8cf2-a0f229386aa0,104769247.761719,110448.636144198
540,OS,OS,PD,,5/14/2025 11:27:05 AM,,RP+5 Case 22257,IN,a25080eb-a580-42cb-9b35-9fbdcd053a44,8754.9765625,371.981318379882
541,RC,RC,PD,,5/14/2025 11:27:05 AM,,RP+5 Case 22257,IN,2bc83de7-e3a3-4ab3-b207-743f29336449,54922.265625,2424.62127700993
542,US,US,PD,,5/14/2025 11:27:05 AM,,RP+5 Case 22257,IN,2caf03fa-7aa5-449a-8310-790ccf06cc1d,7.28125,12.6282497648232
543,OS,OS,PD,,5/14/2025 11:27:05 AM,,RP+5 Case 22257,IN,a35bb6df-156d-4966-a2bb-a4cc01d59675,12866.4296875,461.910490937893
544,OS,OS,PD,,5/14/2025 11:27:05 AM,,RP+5 Case 22257,IN,b6ee2081-4e79-4411-86bb-7e908e10589b,1190.0390625,158.103482082701
545,RC,RC,PD,,5/14/2025 11:27:05 AM,,RP+5 Case 22257,IN,04c43ded-bd02-4188-87f9-4882fcd94cfe,207779.1328125,3676.13464225851
546,OS,OS,PD,,5/14/2025 11:27:05 AM,,RP+5 Case 22257,IN,4a5e7095-3828-41b3-a5ac-4337ec67ac31,17704.47265625,543.009624913742
547,OS,OS,PD,,5/14/2025 11:27:05 AM,,RP+5 Case 22257,IN,fa768ba4-fbee-40bc-a80f-3e138644bf99,4326.828125,252.153308156688
548,OS,OS,PD,,5/14/2025 11:27:05 AM,,RP+5 Case 22257,IN,862b1b4d-35c1-4d6e-b7cd-4bfb61982224,280181.5703125,3386.21838869733
549,RC,RC,PD,,5/14/2025 11:27:05 AM,,RP+5 Case 22257,IN,b6a488fa-f610-4d5a-ad79-5a19f9a1590e,43381879.1523438,61516.1041507641
550,RC,RC,PD,,5/14/2025 11:27:05 AM,,RP+5 Case 22257,IN,13fbee44-cf0d-4b55-999f-33accd2b44d6,72824.96875,1353.4465568406
551,RR,RR,PD,,5/14/2025 11:27:05 AM,,RP+5 Case 22257,IN,45491914-0882-4f5b-9a0c-38cbe0124079,219056.0703125,3254.17191253835
552,RR,RR,PD,,5/14/2025 11:27:05 AM,,RP+5 Case 22257,IN,dc858b82-16ad-4ac3-82b0-655574d0b0d9,5311.453125,307.627627727511
553,RC,RC,PD,,5/14/2025 11:27:05 AM,,RP+5 Case 22257,IN,f23f9f29-aad5-4d02-891e-171c71487bdd,2767.68359375,215.638823537081
554,OS,OS,PD,,5/14/2025 11:27:05 AM,,RP+5 Case 22257,IN,a3468c1d-6038-4aa5-8c05-3314fa53291c,10753.4609375,403.414392606233
555,RC,RC,PD,,5/14/2025 11:27:05 AM,,RP+5 Case 22257,IN,e7f285b5-17a9-4901-816a-15e679361681,6876.609375,410.003084985798
556,RC,RC,PD,,5/14/2025 11:27:05 AM,,RP+5 Case 22257,IN,ff31b555-437d-4737-843e-4585c0b3ad7a,9106.03125,366.573954083561
557,OS,OS,PD,,5/14/2025 11:27:05 AM,,RP+5 Case 22257,IN,abd7628f-4df7-4cdc-92cf-3e7ac54d0367,54539.83984375,942.759711440325
558,OS,OS,PD,,5/14/2025 11:27:05 AM,,RP+5 Case 22257,IN,d39b44cd-eb1d-4dab-81b9-ba6399f24261,7789.51171875,365.709733546331
559,OS,OS,PD,,5/14/2025 11:27:05 AM,,RP+5 Case 22257,IN,463db3e2-e033-42b1-9b7f-2b0012f70066,717231.35546875,3672.55072985298
560,RC,RC,PD,,5/14/2025 11:27:05 AM,,RP+5 Case 22257,IN,2e70eb1b-fca3-4901-aa15-ba1b5f75bb9a,4188.375,261.035307400706
561,US,US,PD,,5/14/2025 11:27:05 AM,,RP+5 Case 22257,IN,323ca2cb-0c60-450f-bda6-07751f0bce75,0.57421875,237.460402841588
562,RC,RC,PD,,5/14/2025 11:27:05 AM,,RP+5 Case 22257,IN,47c69357-d848-428e-a4ca-af5bb01acdbe,3953.921875,274.328634743631
563,OS,OS,PD,,5/14/2025 11:27:05 AM,,RP+5 Case 22257,IN,02b6e4b9-e244-4480-a1a3-88a85db75686,5592141673.86328,665917.719800987
564,RC,RC,PD,,5/14/2025 11:27:05 AM,,RP+5 Case 22257,IN,d5e9d074-04d7-4750-b853-b3e4fc98b640,1387.91796875,172.684589364745
565,OS,OS,PD,,5/14/2025 11:27:05 AM,,RP+5 Case 22257,IN,8ff00fae-7763-400c-9422-8af27fba7924,893.015625,137.001050423482
566,RR,RR,PD,,5/14/2025 11:27:05 AM,,RP+5 Case 22257,IN,1c011ae3-471e-4744-99d4-a96eed10d2d2,187113.3125,1911.00945413483
567,OS,OS,PD,,5/14/2025 11:27:05 AM,,RP+5 Case 22257,IN,ccd6e026-84ea-4807-aacf-35541f52fec5,26504.02734375,697.943479511926
568,RR,RR,PD,,5/14/2025 11:27:05 AM,,RP+5 Case 22257,IN,89265de1-0401-4f62-8941-02ccc72265a1,84107.16015625,1614.41085835767
569,OS,OS,PD,,5/14/2025 11:27:05 AM,,RP+5 Case 22257,IN,30678156-90b7-4344-9eca-8c7651fcfc2f,38934.73828125,817.876014012567
570,OS,OS,PD,,5/14/2025 11:27:05 AM,,RP+5 Case 22257,IN,404996cc-bc74-44b3-9065-ad77c3a24cb2,34767.91015625,797.576156202389
571,RC,RC,PD,,5/14/2025 11:27:05 AM,,RP+5 Case 22257,IN,73c58377-6eec-490c-aa5a-c8e8632ab2c2,1394.57421875,174.986951883078
572,RC,RC,PD,,5/14/2025 11:27:05 AM,,RP+5 Case 22257,IN,80235a3c-6c9d-4689-8ef5-0b03ed7e1ca1,18191.5859375,742.840923255711
573,OS,OS,PD,,5/14/2025 11:27:05 AM,,RP+5 Case 22257,IN,111fb08a-ad80-4ea3-ae25-9036d4a0229e,1231192.37109375,8115.77147493355
574,RR,RR,PD,,5/14/2025 11:27:05 AM,,RP+5 Case 22257,IN,05f36afc-7c22-4e40-9d02-ac0f94d222d2,17360.39453125,648.680594137568
575,OS,OS,PD,,5/14/2025 11:27:05 AM,,RP+5 Case 22257,IN,18e846f9-a878-4c44-b827-50f190e831b3,1775.83203125,183.337234851596
576,RC,RC,PD,,5/14/2025 11:27:05 AM,,RP+5 Case 22257,IN,c125735a-84d2-4227-8437-851b928b6460,34473.8359375,828.448218682618
577,OS,OS,PD,,5/14/2025 11:27:05 AM,,RP+5 Case 22257,IN,1cab7856-999c-4d91-a1a7-0053d0ceb674,5949.49609375,311.825384215109
578,RR,RR,PD,,5/14/2025 11:27:05 AM,,RP+5 Case 22257,IN,7d6bb30d-35be-4d9e-85af-b6381cb3d345,8398.86328125,374.614904265104
579,RC,RC,PD,,5/14/2025 11:27:05 AM,,RP+5 Case 22257,IN,9c7bdd5d-edd5-4ac1-a035-ba4132163983,96372.49609375,1610.84441972993
580,OS,OS,PD,,5/14/2025 11:27:05 AM,,RP+5 Case 22257,IN,775f8d8a-dc2a-427f-8f76-9003627659a2,9924.01953125,627.688961650776
581,RR,RR,PD,,5/14/2025 11:27:05 AM,,RP+5 Case 22257,IN,25597e8c-1854-42a2-b8d1-c2486a9ab49f,2353.33984375,232.044527836151
582,RC,RC,PD,,5/14/2025 11:27:05 AM,,RP+5 Case 22257,IN,fad93e46-1672-4e15-86ed-28eda1912908,1157.7890625,156.628073682045
583,RC,RC,PD,,5/14/2025 11:27:05 AM,,RP+5 Case 22257,IN,1e7d485f-63ef-45ed-90fd-8bb4276e2ac5,99250.328125,1683.90315134833
584,HARB,HH,PD,,5/14/2025 11:27:05 AM,,RP+5 Case 22257,IN,7115d153-424a-47e3-bec4-5f06c56c0137,0.63671875,5.15167534921719
585,OS,OS,PD,,5/14/2025 11:27:05 AM,,RP+5 Case 22257,IN,8d83c689-3cf4-4259-87a7-55dca3c3d29a,2628.75,216.273238694156
586,RR,RR,PD,,5/14/2025 11:27:05 AM,,RP+5 Case 22257,IN,22cdb24f-eea8-411d-869b-35b421231ac6,6095.265625,310.328365397037
587,RC,RC,PD,,5/14/2025 11:27:05 AM,,RP+5 Case 22257,IN,12548b80-45c3-4ecb-9f8d-d56327eca75f,24561.20703125,666.715547395597
588,RC,RC,PD,,5/14/2025 11:27:05 AM,,RP+5 Case 22257,IN,90bb5a1e-2bc6-4cb9-85b4-bab5aa7cbf2d,209011.3203125,1940.50264633177
589,OS,OS,PD,,5/14/2025 11:27:05 AM,,RP+5 Case 22257,IN,2b03202b-3c89-4c8f-b3cc-361de2f77ab4,73640.8515625,1201.93279864157
590,RR,RR,PD,,5/14/2025 11:27:05 AM,,RP+5 Case 22257,IN,02e899b8-5e45-4b3b-a145-598a66d6ee80,10344.9296875,491.909587294356
591,RC,RC,PD,,5/14/2025 11:27:05 AM,,RP+5 Case 22257,IN,8e5cc0c0-0524-4092-85c3-c0e2645a956d,156501.6171875,1721.20554290114
592,OS,OS,PD,,5/14/2025 11:27:05 AM,,RP+5 Case 22257,IN,ed6d0486-384d-4fed-9417-08413eda9fcd,1129.86328125,157.433618961384
593,OS,OS,PD,,5/14/2025 11:27:05 AM,,RP+5 Case 22257,IN,85a96b85-d7b4-495a-8efd-e887089002e2,18138.8984375,563.855234899671
594,OS,OS,PD,,5/14/2025 11:27:05 AM,,RP+5 Case 22257,IN,a962ac93-5e9f-4a73-be95-2cb14351586b,2348.3359375,245.548257571346
595,RC,RC,PD,,5/14/2025 11:27:05 AM,,RP+5 Case 22257,IN,900b01f8-5851-47ad-b7c4-253069b19f49,2579.85546875,209.116200186323
596,OS,OS,PD,,5/14/2025 11:27:05 AM,,RP+5 Case 22257,IN,ef74e39b-fead-4b3e-afe9-9715a2a0d353,1128197.1953125,4708.46626058486
597,OS,OS,PD,,5/14/2025 11:27:05 AM,,RP+5 Case 22257,IN,9415b02f-596c-464e-bc13-ea8bddbc570a,3056.01953125,235.304386049263
598,OS,OS,PD,,5/14/2025 11:27:05 AM,,RP+5 Case 22257,IN,929603af-cdc3-4c3c-b668-521c7e55137e,163615.703125,3078.78174497321
599,OS,OS,PD,,5/14/2025 11:27:05 AM,,RP+5 Case 22257,IN,c5b5a4ba-1f8b-4dd5-81bb-c40fba7eca37,2602.83984375,214.000542171939
600,UR,UR,PD,,2/5/2026 2:33:24 PM,2/2/2026 12:00:00 AM,MINORREV-2025-02922,IN,fc1dab0a-35f3-4506-a267-375263673d6b,10456816.0039063,20216.7830115319
601,RR,RR,PD,,5/14/2025 11:27:05 AM,,RP+5 Case 22257,IN,4ab31292-67ee-4b0e-bfbe-f6b0806b7b69,23651.703125,848.665103143828
602,OS,OS,PD,,5/14/2025 11:27:05 AM,,RP+5 Case 22257,IN,a141682e-a58a-4883-bec7-4fbe118fe371,7254879.99609375,12761.7545136701
603,OS,OS,PD,,5/14/2025 11:27:05 AM,,RP+5 Case 22257,IN,de7e3477-b0cd-4d78-8513-d93bb8ba6fa3,1876.45703125,196.753038466248
604,OS,OS,PD,,5/14/2025 11:27:05 AM,,RP+5 Case 22257,IN,12211d0b-2e13-449c-b29b-5935a27c1536,71280.0625,1287.50771434544
605,IP,IP,SD,,5/14/2025 11:27:05 AM,,RP+5 Case 22257,IN,9d7801e5-217f-48d6-98fd-5e8b492c6df4,1191768.90625,6507.69938747675
606,OS,OS,PD,,5/14/2025 11:27:05 AM,,RP+5 Case 22257,IN,65fc32a1-bee3-4701-825b-49c58916d2bc,2406.734375,209.431631971298
607,RR,RR,PD,,5/14/2025 11:27:05 AM,,RP+5 Case 22257,IN,e62cd99e-cd8e-4d54-b552-4b6c65325327,10183.22265625,485.496418877684
608,RC,RC,PD,,5/14/2025 11:27:05 AM,,RP+5 Case 22257,IN,3851768a-5931-4569-bb96-d3df27e14a52,2650.3984375,212.494402123776
609,UR,UR,PD,,5/14/2025 11:27:05 AM,,RP+5 Case 22257,IN,8498587a-96f2-41ca-8fdd-118421cad371,17845183.1953125,17322.6084872974
610,RC,RC,PD,,5/14/2025 11:27:05 AM,,RP+5 Case 22257,IN,e4aab2c1-4f31-4656-9ae3-b58413c08630,30573.71875,709.967459329349
611,OS,OS,PD,,5/14/2025 11:27:05 AM,,RP+5 Case 22257,IN,299c1c02-ac30-4291-8c9a-021e23d8cb69,335211.73046875,3338.49281325098
612,OS,OS,PD,,5/14/2025 11:27:05 AM,,RP+5 Case 22257,IN,e167ccd6-ff60-4487-a8ab-076fe1fd873e,82888.31640625,1594.33592984373
613,OS,OS,PD,,5/14/2025 11:27:05 AM,,RP+5 Case 22257,IN,db8275e7-bcb8-4cf8-9f06-68f959aa98b9,5424.26171875,292.055853334933
614,OS,OS,PD,,5/14/2025 11:27:05 AM,,RP+5 Case 22257,IN,a80182eb-4a76-427f-92a1-747f9d093f96,1910.49609375,185.46074705957
615,RC,RC,PD,,5/14/2025 11:27:05 AM,,RP+5 Case 22257,IN,7f248af5-878d-48b2-94ee-00c169f55654,15176.9375,620.116586562147
616,RR,RR,PD,,5/14/2025 11:27:05 AM,,RP+5 Case 22257,IN,40c4eb14-6a33-4d3b-aefe-8fd7e5206d9d,30468.69921875,695.321081438435
617,RC,RC,PD,,5/14/2025 11:27:05 AM,,RP+5 Case 22257,IN,47db15b8-a8d1-4027-abd9-912d19bc0768,47687.0859375,846.240147932281
618,HARB,HH,PD,,5/14/2025 11:27:05 AM,,RP+5 Case 22257,IN,96b4542a-96a7-4f80-88d5-953c3688e556,129846.32421875,2014.50863409337
619,RC,RC,PD,,5/14/2025 11:27:05 AM,,RP+5 Case 22257,IN,fbeb0a29-4ec3-4466-a96b-380f448c6f75,1589.72265625,209.665867407739
620,OS,OS,PD,,5/14/2025 11:27:05 AM,,RP+5 Case 22257,IN,0a6fb6ce-d75c-4e7e-89e8-f58659e6df89,794747.921875,3795.80479636155
621,RC,RC,PD,,5/14/2025 11:27:05 AM,,RP+5 Case 22257,IN,1d29d79b-bb45-49d7-a2ef-2d61dbccd6eb,4140.6328125,279.766541545242
622,RC,RC,PD,,5/14/2025 11:27:05 AM,,RP+5 Case 22257,IN,3d16be35-5804-4122-a5be-7b0b1a1714bb,968.67578125,165.766089622571
623,OS,OS,PD,,5/14/2025 11:27:05 AM,,RP+5 Case 22257,IN,d60c8c32-138c-46fd-bf8c-2f2e346a20a9,9945.28125,433.272487082387
624,OS,OS,PD,,5/14/2025 11:27:05 AM,,RP+5 Case 22257,IN,a3f3382b-e453-4171-8329-5d6657d4dcd5,100442.58984375,1598.2593825641
625,OS,OS,PD,,5/14/2025 11:27:05 AM,,RP+5 Case 22257,IN,fb8c848e-557f-4661-9cc8-39b867989cb0,5020.11328125,352.072492208943
626,RC,RC,PD,,5/14/2025 11:27:05 AM,,RP+5 Case 22257,IN,d79f9b80-ae13-4ce0-9a68-e241b332a52f,13182.94921875,483.8732970545
627,OS,OS,PD,,5/14/2025 11:27:05 AM,,RP+5 Case 22257,IN,eb5de6f2-425c-4a04-8542-07a52a099c57,8687292.12890625,13017.8364634474
628,RC,RC,PD,,5/14/2025 11:27:05 AM,,RP+5 Case 22257,IN,905eff13-f8e0-4196-a064-3595bdda8dcc,67487.22265625,1199.79864861476
629,RR,RR,PD,,5/14/2025 11:27:05 AM,,RP+5 Case 22257,IN,13d4a1e6-9a2c-47b6-843b-fea29f039982,1343.59765625,169.151761492837
630,OS,OS,PD,,5/14/2025 11:27:05 AM,,RP+5 Case 22257,IN,e3c4a9b5-272a-4015-a392-d5d6cd3a74cc,2048.34765625,183.329954955992
631,OS,OS,PD,,5/14/2025 11:27:05 AM,,RP+5 Case 22257,IN,3626d3ac-280f-450e-a44f-1dd3ace23eee,1261.94921875,163.976366118099
632,OS,OS,PD,,5/14/2025 11:27:05 AM,,RP+5 Case 22257,IN,94562805-8d95-483a-a42a-1972ac370743,2799.34375,214.006410329425
633,OS,OS,PD,,5/14/2025 11:27:05 AM,,RP+5 Case 22257,IN,b53e02dd-5954-40f3-a1ce-d95cb9e51683,944.92578125,182.891145049803
634,RC,RC,PD,,5/14/2025 11:27:05 AM,,RP+5 Case 22257,IN,5a7abcde-31de-4923-9977-0c1761f459ac,2835.296875,224.355841131849
635,OS,OS,PD,,5/14/2025 11:27:05 AM,,RP+5 Case 22257,IN,4f401f14-d754-4554-8092-40a2c1ccf56e,15041.28515625,596.336294361576
636,OS,OS,PD,,5/14/2025 11:27:05 AM,,RP+5 Case 22257,IN,97286660-6c07-4427-a17c-a48dc08f262f,10425.546875,394.751097560493
637,RC,RC,PD,,5/14/2025 11:27:05 AM,,RP+5 Case 22257,IN,7850bbed-ab08-47d4-a829-3d6aa9bbaec8,290010.359375,2604.08868931106
638,OS,OS,PD,,5/14/2025 11:27:05 AM,,RP+5 Case 22257,IN,4edd12be-4260-4d36-9a12-b2cd2ca81139,1015.55078125,184.237100135684
639,OS,OS,PD,,5/14/2025 11:27:05 AM,,RP+5 Case 22257,IN,cb200bc5-0be3-43c4-a297-07360561aa77,1727.6484375,225.361659034106
640,OS,OS,PD,,5/14/2025 11:27:05 AM,,RP+5 Case 22257,IN,b5d2f109-b874-4d3c-9d98-41afb1ed438e,1049.15234375,153.666020585149
641,OS,OS,PD,,5/14/2025 11:27:05 AM,,RP+5 Case 22257,IN,e53d02e5-564c-4a5a-9df6-25623f655e4f,72959.5546875,1645.44526449407
642,OS,OS,PD,,5/14/2025 11:27:05 AM,,RP+5 Case 22257,IN,b807a6a6-5108-4231-8499-59ae5c506a75,158322.01171875,1776.85783763184
643,OS,OS,PD,,5/14/2025 11:27:05 AM,,RP+5 Case 22257,IN,a25856d4-3f8f-46ae-a3fa-f30547a8c91c,6073.66015625,328.498814810786
644,OS,OS,PD,,5/14/2025 11:27:05 AM,,RP+5 Case 22257,IN,9ed58f7e-24fb-408e-89a6-5860afd77320,3167.8515625,243.963785947738
645,OS,OS,PD,,5/14/2025 11:27:05 AM,,RP+5 Case 22257,IN,4c4c2997-a0cb-47dd-92d0-88b6f7eeef41,11184.29296875,460.5429467343
646,RC,RC,PD,,5/14/2025 11:27:05 AM,,RP+5 Case 22257,IN,3e3d7be7-9fc6-4cec-9dac-d7555c48bb3b,226700.171875,2133.40851624885
647,OS,OS,PD,,5/14/2025 11:27:05 AM,,RP+5 Case 22257,IN,1fe169e3-e886-40f0-afbb-70f4622eb9cd,50472,860.414192904298
648,RC,RC,PD,,5/14/2025 11:27:05 AM,,RP+5 Case 22257,IN,40fa079a-005b-478d-ac10-a8f1b7b38b53,16800946.6757813,46603.283079813
649,OS,OS,PD,,5/14/2025 11:27:05 AM,,RP+5 Case 22257,IN,d2014c62-102a-4637-8c8d-bcb551d36c56,7122.26953125,359.824122707492
650,OS,OS,PD,,5/14/2025 11:27:05 AM,,RP+5 Case 22257,IN,63086109-af45-477b-bf12-7086cd8efa7e,145014.65234375,1724.11000102674
651,OS,OS,PD,,5/14/2025 11:27:05 AM,,RP+5 Case 22257,IN,51ef71b5-9a87-4a0d-b164-dfdf2afd531c,72722.3359375,1044.98731633584
652,OS,OS,PD,,5/14/2025 11:27:05 AM,,RP+5 Case 22257,IN,d07fcab5-bdfd-4cd0-b8dd-69b2b26e9670,9493.0234375,402.81223338947
653,OS,OS,PD,,5/14/2025 11:27:05 AM,,RP+5 Case 22257,IN,c3df8a27-673c-4ab1-8821-9327806b322e,5773.91796875,323.408167941784
654,OS,OS,PD,,5/14/2025 11:27:05 AM,,RP+5 Case 22257,IN,61c0d520-a524-452f-8405-58eddcccc0f4,71610.23828125,1039.0670593315
655,OS,OS,PD,,5/14/2025 11:27:05 AM,,RP+5 Case 22257,IN,bdf7ba9e-e4fc-44ec-b32f-04d2e9f3a6a1,19307.59765625,693.898831211757
656,OS,OS,PD,,5/14/2025 11:27:05 AM,,RP+5 Case 22257,IN,24cc7300-64e1-4183-8f81-7eef8045c646,2955.26953125,288.86059325557
657,OS,OS,PD,,5/14/2025 11:27:05 AM,,RP+5 Case 22257,IN,d81239dc-f737-494d-a6b3-b70b18dae300,4526.62109375,309.104391575893
658,OS,OS,PD,,5/14/2025 11:27:05 AM,,RP+5 Case 22257,IN,a219b0ba-a7dd-4f06-84c8-e3715dfb7ac7,177167.05859375,1699.56413325425
659,RC,RC,PD,,5/14/2025 11:27:05 AM,,RP+5 Case 22257,IN,29bfca5b-f00f-401b-b7bd-e8d7100192fc,2826.73828125,212.695251275317
660,RC,RC,PD,,5/14/2025 11:27:05 AM,,RP+5 Case 22257,IN,0d5bfe02-219e-4a11-9186-bdd433f72f59,5507.99609375,288.099538201324
661,OS,OS,PD,,5/14/2025 11:27:05 AM,,RP+5 Case 22257,IN,da149f9d-e341-4bd9-8c62-3109c862dff7,2977.578125,223.283874895455
662,RC,RC,PD,,5/14/2025 11:27:05 AM,,RP+5 Case 22257,IN,64b0956f-5ca2-4d8e-aa24-5b38ebd619f3,1072.453125,174.557922874491
663,OS,OS,PD,,5/14/2025 11:27:05 AM,,RP+5 Case 22257,IN,54190067-cd1c-4c68-b9e8-fc71d53d8050,9984.57421875,389.934136269788
664,RR,RR,PD,,5/14/2025 11:27:05 AM,,RP+5 Case 22257,IN,94725bfb-e623-40a6-b377-fa6a02694f7b,324686.07421875,3125.16114228825
665,OS,OS,PD,,5/14/2025 11:27:05 AM,,RP+5 Case 22257,IN,53fa744e-6e81-4331-b399-60d4fd68e4c5,2444.9609375,222.062701787182
666,RR,RR,PD,,5/14/2025 11:27:05 AM,,RP+5 Case 22257,IN,614db237-88af-43c6-807c-13636e4d7d55,2312.609375,197.991553971172
667,RR,RR,PD,,5/14/2025 11:27:05 AM,,RP+5 Case 22257,IN,6358bfbb-64f2-46e5-b988-8a9d9b6b8695,3907.5703125,260.169244900996
668,OS,OS,PD,,5/14/2025 11:27:05 AM,,RP+5 Case 22257,IN,87a2c13c-3867-4877-b014-9756fadd1f73,5819.44921875,325.19067047295
669,RC,RC,PD,,5/14/2025 11:27:05 AM,,RP+5 Case 22257,IN,4eff03bd-b1be-4bb6-b7ed-e4129db21a63,2263.69921875,219.284323462984
670,OS,OS,PD,,5/14/2025 11:27:05 AM,,RP+5 Case 22257,IN,529b0269-1f7b-4fd3-ab39-bf512aef082a,4182.41015625,260.673409742379
671,OS,OS,PD,,5/14/2025 11:27:05 AM,,RP+5 Case 22257,IN,e2eef087-bc21-442b-9820-b8423a0ee84d,982.87109375,144.622113079244
672,RC,RC,PD,,5/14/2025 11:27:05 AM,,RP+5 Case 22257,IN,0f2c4a78-5ffe-4863-92ea-0443a918af7f,8308.75,473.102729337832
673,RC,RC,PD,,5/14/2025 11:27:05 AM,,RP+5 Case 22257,IN,afa86efb-f961-43cd-b219-daf32dcacab1,3422.3046875,236.209648345155
674,OS,OS,PD,,5/14/2025 11:27:05 AM,,RP+5 Case 22257,IN,413f63b3-4be0-45c8-8310-e5936005294a,67151.0625,1202.7215149082
675,US,US,PD,,5/14/2025 11:27:05 AM,,RP+5 Case 22257,IN,4eceadb9-38f5-46f0-a36d-86c3115ccc94,12708.4375,735.118326883762
676,RC,RC,PD,,5/14/2025 11:27:05 AM,,RP+5 Case 22257,IN,d407e05d-b4ab-46bf-ac87-394e0ac98efe,103813.234375,2111.69282033125
677,OS,OS,PD,,5/14/2025 11:27:05 AM,,RP+5 Case 22257,IN,aae48652-cca2-414c-b00d-a7baef129bc6,3683.60546875,272.582893805202
678,RR,RR,PD,,5/14/2025 11:27:05 AM,,RP+5 Case 22257,IN,4822dfba-7429-4e47-87a5-4a539db8b82d,137463.296875,1708.17704622663
679,RC,RC,PD,,5/14/2025 11:27:05 AM,,RP+5 Case 22257,IN,1a629f93-3368-4b4b-b76e-7cb2523f43eb,1541.44140625,181.814724081538
680,RC,RC,PD,,5/14/2025 11:27:05 AM,,RP+5 Case 22257,IN,5dd71187-f324-44d5-b769-10814fa6964f,490.2109375,97.6785936324538
681,RR,RR,PD,,5/14/2025 11:27:05 AM,,RP+5 Case 22257,IN,6133ba57-893b-414e-bf33-0760e7627986,5773.875,323.407668089643
682,RC,RC,PD,,5/14/2025 11:27:05 AM,,RP+5 Case 22257,IN,cc15cc2b-415a-4a5e-92fc-ec64fe126289,2250.26953125,212.9694720857
683,OS,OS,PD,,5/14/2025 11:27:05 AM,,RP+5 Case 22257,IN,cc0b4b78-c448-4fbc-8639-b9d64b231a94,21675.65234375,619.948836367138
684,OS,OS,PD,,5/14/2025 11:27:05 AM,,RP+5 Case 22257,IN,7fe62402-5fa7-47e5-b1a6-e38f0a1f3eb4,2216.3828125,203.02443960707
685,RC,RC,PD,,5/14/2025 11:27:05 AM,,RP+5 Case 22257,IN,5b356590-8e1b-48bb-8c6f-057cc4986cd9,4213.21484375,308.829940343521
686,RC,RC,PD,,5/14/2025 11:27:05 AM,,RP+5 Case 22257,IN,0f6998d9-3d6c-4a05-a6cf-f59a6224bfd0,6876.68359375,328.160940321335
687,RC,RC,PD,,9/23/2025 3:38:45 PM,,RP+5 Case 22257,IN,917d7f97-20dc-41af-9e6a-fe238359f597,7047316.8125,13869.2864999645
688,RR,RR,PD,,5/14/2025 11:27:05 AM,,RP+5 Case 22257,IN,59fc3d83-0448-4210-b8b9-b879361955e2,70895.73046875,1195.10833899638
689,RR,RR,PD,,5/14/2025 11:27:05 AM,,RP+5 Case 22257,IN,a87d1e88-3167-42cb-95bc-8f9f9b83a166,130573.328125,1591.74207668425
690,OS,OS,PD,,5/14/2025 11:27:05 AM,,RP+5 Case 22257,IN,8462928c-3a10-454d-b35d-f1a461d4c676,5574.83203125,304.573320192985
691,OS,OS,PD,,5/14/2025 11:27:05 AM,,RP+5 Case 22257,IN,24faf28d-f56a-4414-abe0-3fa2e813fc48,34904.5859375,702.725656054826
692,RC,RC,PD,,5/14/2025 11:27:05 AM,,RP+5 Case 22257,IN,3f07461d-e582-4d3f-a0ed-fc1dc0a96ae3,31058.6171875,823.516186630824
693,OS,OS,PD,,5/14/2025 11:27:05 AM,,RP+5 Case 22257,IN,07c5ba48-768b-4e5e-8cd2-61e86dbf448a,6319.1171875,385.104368052334
694,RR,RR,PD,,5/14/2025 11:27:05 AM,,RP+5 Case 22257,IN,c252d7d4-175c-4260-90ba-baf85605b8ce,1879069.94140625,6369.10985956827
695,OS,OS,PD,,5/14/2025 11:27:05 AM,,RP+5 Case 22257,IN,8212e6e9-f895-4b09-bde3-07842c28f3b5,9520.453125,412.301183946476
696,OS,OS,PD,,5/14/2025 11:27:05 AM,,RP+5 Case 22257,IN,149a7ebe-32f5-4234-80ad-c50a5fa571ac,904415.625,6350.45866632346
697,OS,OS,PD,,5/14/2025 11:27:05 AM,,RP+5 Case 22257,IN,e6e39cad-eccf-4ba5-a7da-aa6bbe31fe9e,9587.80078125,394.047062212039
698,RC,RC,PD,,5/14/2025 11:27:05 AM,,RP+5 Case 22257,IN,d41bc855-d906-4b94-a8cb-9cd31740cbb6,2240.1484375,201.021951312532
699,RR,RR,PD,,5/14/2025 11:27:05 AM,,RP+5 Case 22257,IN,56e4b7cc-ad9c-4285-b7f9-f57e84f50d6d,2379.9296875,239.512852023095
700,OS,OS,PD,,5/14/2025 11:27:05 AM,,RP+5 Case 22257,IN,ddda3428-dd71-41b4-bbbe-5c01bd670f6e,19710.33203125,540.67330425988
701,OS,OS,PD,,5/14/2025 11:27:05 AM,,RP+5 Case 22257,IN,07181da8-bffa-456c-9654-d1ef20e6555c,84667.5546875,1395.34925644656
702,RR,RR,PD,,5/14/2025 11:27:05 AM,,RP+5 Case 22257,IN,feb1756d-f601-4b68-b5a8-f6bf9dd14288,199844.4921875,3019.38089457788
703,RC,RC,PD,,5/14/2025 11:27:05 AM,,RP+5 Case 22257,IN,7c4f8fa5-7a27-430d-afa0-e13f3726077f,931.30078125,153.538326713623
704,OS,OS,PD,,5/14/2025 11:27:05 AM,,RP+5 Case 22257,IN,1eda7fa3-7e75-44c3-99b0-32b31b0336a6,16156.8515625,532.651512569317
705,OS,OS,PD,,5/14/2025 11:27:05 AM,,RP+5 Case 22257,IN,47d6cc1c-2459-4106-9466-ae50b106998a,422187.25390625,2596.90374232314
706,OS,OS,PD,,5/14/2025 11:27:05 AM,,RP+5 Case 22257,IN,c3318e4e-1cf0-4f68-910d-d95b6ec50905,1345.84375,173.8132180978
707,RC,RC,PD,,5/14/2025 11:27:05 AM,,RP+5 Case 22257,IN,c9bed600-b421-47dd-b8e9-7a66202b9be9,7269.4609375,346.660090483753
708,RC,RC,PD,,5/14/2025 11:27:05 AM,,RP+5 Case 22257,IN,182afaba-5b28-42a7-a0ea-09baaa738c59,8180.546875,500.110258440274
709,RC,RC,PD,,5/14/2025 11:27:05 AM,,RP+5 Case 22257,IN,8ebe43d8-0fca-4c67-bedb-18d3f06df490,1175.59765625,204.892351581743
710,OS,OS,PD,,5/14/2025 11:27:05 AM,,RP+5 Case 22257,IN,9fb647a1-43bf-4d87-8603-f9d95dd9d458,29251.5078125,755.268419048466
711,RC,RC,PD,,5/14/2025 11:27:05 AM,,RP+5 Case 22257,IN,dd4c8490-4384-4b4d-acbc-584f8a6888c4,6115.22265625,357.133818540928
712,RC,RC,PD,,5/14/2025 11:27:05 AM,,RP+5 Case 22257,IN,87bfbb5b-c1ac-490a-92aa-989106e952f1,20157.1640625,531.131157877153
713,RC,RC,PD,,5/14/2025 11:27:05 AM,,RP+5 Case 22257,IN,c60b8303-6fd1-40ab-9107-825011d8f0d3,190287.1640625,1788.27902280343
714,RR,RR,PD,,5/14/2025 11:27:05 AM,,RP+5 Case 22257,IN,3db689ae-3522-4068-b68d-7ef2b87f63f4,5246.125,315.167400196767
715,OS,OS,PD,,5/14/2025 11:27:05 AM,,RP+5 Case 22257,IN,8b451583-9fe1-4101-b0d3-02c941f1efd6,5735.14453125,307.247524170537
716,OS,OS,PD,,5/14/2025 11:27:05 AM,,RP+5 Case 22257,IN,4e574bb3-a385-4849-89ae-cb7cd6e36f3d,2807.08984375,223.298096255055
717,RR,RR,PD,,5/14/2025 11:27:05 AM,,RP+5 Case 22257,IN,efecb181-81f7-4ee0-bc67-dd3811e115b6,53537.41796875,1023.65054312553
718,OS,OS,PD,,5/14/2025 11:27:05 AM,,RP+5 Case 22257,IN,dde7930e-3181-46ff-8a47-bada41dc6a55,1073.9609375,149.953924289428
719,RR,RR,PD,,5/14/2025 11:27:05 AM,,RP+5 Case 22257,IN,27d7913a-3f34-4202-8659-4830e34438fb,119529.19921875,1590.71282480929
720,OS,OS,PD,,5/14/2025 11:27:05 AM,,RP+5 Case 22257,IN,ebeeb68b-c619-4865-9740-59844d7b980b,50309.4296875,1260.87233333227
721,OS,OS,PD,,5/14/2025 11:27:05 AM,,RP+5 Case 22257,IN,6c82ca26-fb60-4709-8e27-d4cbb31fb6d9,428301.6875,4785.69483074897
722,RC,RC,PD,,5/14/2025 11:27:05 AM,,RP+5 Case 22257,IN,6bd1cee4-9aa6-4563-83c7-358f9e7d3bc5,8812.0234375,416.698020356818
723,OS,OS,PD,,5/14/2025 11:27:05 AM,,RP+5 Case 22257,IN,aa8e003c-864a-4f79-ad0f-4aeba216da05,8271.93359375,351.94374904893
724,OS,OS,PD,,5/14/2025 11:27:05 AM,,RP+5 Case 22257,IN,a1500781-d381-401e-92c6-16c70190b401,959.37890625,154.256566473875
725,OS,OS,PD,,5/14/2025 11:27:05 AM,,RP+5 Case 22257,IN,c61a1485-3e34-4b4c-ae08-624e5e64a851,992546.71875,6132.36127651952
726,RC,RC,PD,,5/14/2025 11:27:05 AM,,RP+5 Case 22257,IN,7e8458ab-c214-4285-b24b-af0b705870ec,1886.4453125,216.894818835838
727,OS,OS,PD,,5/14/2025 11:27:05 AM,,RP+5 Case 22257,IN,ef22f5d8-0766-4165-8636-cf6463e04895,3896.34375,304.791893591408
728,OS,OS,PD,,5/14/2025 11:27:05 AM,,RP+5 Case 22257,IN,7a129b7e-6691-4f3a-a0c2-9597f663e322,4285.1953125,271.928402763411
729,RC,RC,PD,,5/14/2025 11:27:05 AM,,RP+5 Case 22257,IN,6454293c-a833-41a3-9b85-b2e67474084a,1293.34375,165.563781417104
730,RR,RR,PD,,5/14/2025 11:27:05 AM,,RP+5 Case 22257,IN,7a427384-7492-477f-89eb-0b5dc451ca27,4708.5234375,263.446960564221
731,RR,RR,PD,,5/14/2025 11:27:05 AM,,RP+5 Case 22257,IN,830ec59f-1302-46b8-9433-353bcefe53ba,134354.43359375,1763.38638592928
732,RR,RR,PD,,5/14/2025 11:27:05 AM,,RP+5 Case 22257,IN,5532abe8-1e9f-4385-9dc6-a77c2799e2c9,20577.85546875,703.894014057236
733,OS,OS,PD,,5/14/2025 11:27:05 AM,,RP+5 Case 22257,IN,b2ae46c3-aec5-4d6b-9b11-5a32d85381f0,1124.80859375,153.698685337591
734,OS,OS,PD,,5/14/2025 11:27:05 AM,,RP+5 Case 22257,IN,2f8258ad-95ea-4a4f-809d-99b0471de63b,1080.703125,167.879846735219
735,OS,OS,PD,,5/14/2025 11:27:05 AM,,RP+5 Case 22257,IN,1732d93d-45b4-44ee-ad15-27b2885e46a9,193786.515625,2040.88698789788
736,OS,OS,PD,,5/14/2025 11:27:05 AM,,RP+5 Case 22257,IN,40223138-c34e-4734-b114-34d2a677cc03,1296850.24609375,6482.40702203798
737,RC,RC,PD,,5/14/2025 11:27:05 AM,,RP+5 Case 22257,IN,6a38b9b3-0ff2-49db-b0ff-f1d07e191576,3732.44140625,251.72520516646
738,RC,RC,PD,,5/14/2025 11:27:05 AM,,RP+5 Case 22257,IN,871e3bda-5c87-4c53-a049-a147f206af8e,2529.17578125,219.511375886555
739,OS,OS,PD,,5/14/2025 11:27:05 AM,,RP+5 Case 22257,IN,d87f14b1-6e7a-4ddf-870f-996724538dec,164841.265625,2155.48802809044
740,OS,OS,PD,,5/14/2025 11:27:05 AM,,RP+5 Case 22257,IN,d622f4ef-3386-4539-95c7-25277af99ff3,8392515.95703125,15915.0894984866
741,HARB,HH,PD,,5/14/2025 11:27:05 AM,,RP+5 Case 22257,IN,6ae67120-3c6f-4a84-a205-0a43a5ce6e46,11331123.7265625,57660.6401740827
742,RC,RC,PD,,5/14/2025 11:27:05 AM,,RP+5 Case 22257,IN,a4199d7b-c040-478c-9358-1b0174c7646a,448033.515625,3560.96380562011
743,OS,OS,PD,,5/14/2025 11:27:05 AM,,RP+5 Case 22257,IN,104a6916-a30c-4a05-915d-883719fd102f,700780.6875,4627.83178381129
744,OS,OS,PD,,5/14/2025 11:27:05 AM,,RP+5 Case 22257,IN,5db7e1f0-0aed-4da2-82ad-a75b098ce467,2555.55078125,269.187521817389
745,OS,OS,PD,,5/14/2025 11:27:05 AM,,RP+5 Case 22257,IN,621faada-ab19-4b2b-836b-501865a43a43,147115.796875,1780.99549329611
746,RC,RC,PD,,5/14/2025 11:27:05 AM,,RP+5 Case 22257,IN,83cfa1e6-0e8f-47b2-80d6-4db79bafeb91,9002.17578125,501.381764418716
747,US,US,PD,,5/21/2025 8:06:29 PM,11/24/2024 12:00:00 AM,RP+3 Case 22257,IN,16e61622-c7dc-4dcf-81ba-da3a4e679b19,225046.1640625,2070.7105787303
748,OS,OS,PD,,5/14/2025 11:27:05 AM,,RP+5 Case 22257,IN,c4aad5c0-7cb5-4731-8074-0638abaf00e6,43550.14453125,1024.18777883734
749,RR,RR,PD,,5/14/2025 11:27:05 AM,,RP+5 Case 22257,IN,0b25e45d-95a4-4dcb-bbb6-0518bb25fc9a,642687.08984375,5168.78484532258
750,OS,OS,PD,,5/14/2025 11:27:05 AM,,RP+5 Case 22257,IN,72facd65-5bb7-4537-aa0c-001bb0dcdbb8,241388.72265625,2310.87537625465
751,RC,RC,PD,,5/14/2025 11:27:05 AM,,RP+5 Case 22257,IN,1044d8d3-ab35-498d-8c49-14ecd2db7f95,1231.640625,160.309387028791
752,OS,OS,PD,,5/14/2025 11:27:05 AM,,RP+5 Case 22257,IN,1e025ff5-c6f5-4f47-92da-7b9d79eaf8e9,17760.33984375,585.828116752849
753,RC,RC,PD,,5/14/2025 11:27:05 AM,,RP+5 Case 22257,IN,93d2e6dd-09d9-49f0-ad7f-148fb89e4280,84552.125,1495.68336800428
754,RC,RC,PD,,5/14/2025 11:27:05 AM,,RP+5 Case 22257,IN,7ae201eb-63aa-447d-9384-866d9cd5961a,12203.89453125,585.912149849098
755,OS,OS,PD,,5/14/2025 11:27:05 AM,,RP+5 Case 22257,IN,4e5ecd26-53be-4461-ac51-1ec7df15c3b5,250496.0234375,2253.23648746861
756,OS,OS,PD,,5/14/2025 11:27:05 AM,,RP+5 Case 22257,IN,e26c6f95-84ed-416b-bc90-64ba11b09fe9,33932,740.907251354566
757,RC,RC,PD,,5/14/2025 11:27:05 AM,,RP+5 Case 22257,IN,fe528c13-a20b-4058-996c-718246f655be,5150.890625,297.309179915745
758,RR,RR,PD,,5/14/2025 11:27:05 AM,,RP+5 Case 22257,IN,63f56e56-85d7-4f4b-a6be-8ebcc2eff14e,153481.24609375,1646.29218623531
759,OS,OS,PD,,5/14/2025 11:27:05 AM,,RP+5 Case 22257,IN,1bb3aebe-fb90-42b9-9d22-657ef0e588b6,6338.140625,348.675972778327
760,OS,OS,PD,,5/14/2025 11:27:05 AM,,RP+5 Case 22257,IN,880263fa-f279-42db-86ca-c0f659fee5a8,126490.765625,1423.30386238491
761,OS,OS,PD,,5/14/2025 11:27:05 AM,,RP+5 Case 22257,IN,4c62dd82-8ca6-43ea-9b1c-3d37599ffa10,87790.8125,1533.36350575782
762,OS,OS,PD,,5/14/2025 11:27:05 AM,,RP+5 Case 22257,IN,7e09f154-f91c-48fc-add6-d371ad72604e,1074.45703125,158.356691738135
763,OS,OS,PD,,5/14/2025 11:27:05 AM,,RP+5 Case 22257,IN,36b9f0a8-1beb-47b6-b86c-4fab82f3be6e,118793.3046875,1978.98847821607
764,OS,OS,PD,,5/14/2025 11:27:05 AM,,RP+5 Case 22257,IN,725cf73e-8fa2-400a-a2b0-63a680e3687c,1297.578125,182.315219735143
765,OS,OS,PD,,5/14/2025 11:27:05 AM,,RP+5 Case 22257,IN,be9130ed-3787-469a-899a-fde995b27c56,2291.1953125,195.807294142862
766,OS,OS,PD,,5/14/2025 11:27:05 AM,,RP+5 Case 22257,IN,f3979186-7ca8-49da-8e96-78edadadc1a3,422454.0625,3429.66079172523
767,OS,OS,PD,,5/14/2025 11:27:05 AM,,RP+5 Case 22257,IN,3e2c42b9-5519-4e2d-ba67-f0f36c86805f,1256.68359375,186.257530087331
768,RC,RC,PD,,5/14/2025 11:27:05 AM,,RP+5 Case 22257,IN,9cc07479-be52-4697-bf4c-3fc0dbbeb811,1506.08984375,180.004446885591
769,OS,OS,PD,,5/14/2025 11:27:05 AM,,RP+5 Case 22257,IN,9a66ad84-4673-43a2-b2a2-adf731f51de4,850.6640625,133.232057802975
770,OS,OS,PD,,5/14/2025 11:27:05 AM,,RP+5 Case 22257,IN,25fac3a5-336a-4c78-9eea-72cd91242dda,34728.46484375,1119.82440453803
771,OS,OS,PD,,5/14/2025 11:27:05 AM,,RP+5 Case 22257,IN,00a188b1-ea0f-4b24-aae5-7932f6157124,18952.27734375,579.513144908134
772,RC,RC,PD,,5/14/2025 11:27:05 AM,,RP+5 Case 22257,IN,89265ae2-8474-4930-8111-8310ce59ef8c,6003.2890625,325.804685296062
773,OS,OS,PD,,5/14/2025 11:27:05 AM,,RP+5 Case 22257,IN,0807048c-91dd-4ee7-84a9-b6059e3bcc9b,13682.046875,530.993025405929
774,OS,OS,PD,,5/14/2025 11:27:05 AM,,RP+5 Case 22257,IN,508ff804-c4d8-496b-8768-7156f109f8e1,8758.62109375,425.708424731572
775,RR,RR,PD,,5/14/2025 11:27:05 AM,,RP+5 Case 22257,IN,e814fa52-2126-4f1e-88e9-97eb9e772d57,21908.40625,945.486175283212
776,OS,OS,PD,,5/14/2025 11:27:05 AM,,RP+5 Case 22257,IN,95c6cdcb-5749-4173-bb30-cec7a17c4d47,4708.53125,263.446911966829
777,OS,OS,PD,,5/14/2025 11:27:05 AM,,RP+5 Case 22257,IN,fb5bee7c-445e-4cc4-abe8-d7cfd4d63066,8486629.25,20138.5424701023
778,RC,RC,PD,,5/14/2025 11:27:05 AM,,RP+5 Case 22257,IN,fbc5ac9a-e567-4ecc-a721-2140f802a62b,18455.16796875,575.073888110581
779,OS,OS,PD,,5/14/2025 11:27:05 AM,,RP+5 Case 22257,IN,ea4b074e-d072-43f1-a018-59eebd54dbbd,7519.7734375,371.092629789405
780,OS,OS,PD,,5/14/2025 11:27:05 AM,,RP+5 Case 22257,IN,66602d8f-7f67-4d91-b01f-06f5b1b2e650,67522103.765625,35332.9258620533
781,OS,OS,PD,,5/14/2025 11:27:05 AM,,RP+5 Case 22257,IN,8effd08a-b650-4301-8bd4-c28264c20baf,24263.8984375,685.272367747466
782,OS,OS,PD,,5/14/2025 11:27:05 AM,,RP+5 Case 22257,IN,5c972d9d-9691-4065-a12e-0cb0792bec5a,14594.296875,536.869445788954
783,OS,OS,PD,,5/14/2025 11:27:05 AM,,RP+5 Case 22257,IN,e559314d-0880-4a54-a153-55ca44da9d08,20387.02734375,695.079052577022
784,OS,OS,PD,,5/14/2025 11:27:05 AM,,RP+5 Case 22257,IN,4cb17edc-d9a5-4893-bfc5-3127b03dfc4f,84853.0859375,1272.99272016278
785,RC,RC,PD,,5/14/2025 11:27:05 AM,,RP+5 Case 22257,IN,9b1c7665-8eb3-4638-a06f-1a2f74ae9c0e,1160.390625,174.66607532357
786,OS,OS,PD,,5/14/2025 11:27:05 AM,,RP+5 Case 22257,IN,d6536ebe-3b92-48ae-923a-a548e9465530,14991.1484375,535.446415916424
787,OS,OS,PD,,5/14/2025 11:27:05 AM,,RP+5 Case 22257,IN,8dc28f75-5183-4e01-b06c-ad311aa7d0ad,12226.97265625,469.189226070675
788,RR,RR,PD,,5/14/2025 11:27:05 AM,,RP+5 Case 22257,IN,c3e5162c-13b3-4525-a240-f24a8d542e9f,6747532.84375,22606.726241318
789,HARB,HH,PD,,5/14/2025 11:27:05 AM,,RP+5 Case 22257,IN,a9bb1516-e46b-451d-b492-f8c830fb157a,14704.82421875,651.172902578106
790,OS,OS,PD,,5/14/2025 11:27:05 AM,,RP+5 Case 22257,IN,1098ca67-c69b-4d46-8249-e961cc72e3a2,94528.546875,1327.60670898164
791,OS,OS,PD,,5/14/2025 11:27:05 AM,,RP+5 Case 22257,IN,eca52630-c501-4c0d-b010-9e9c22d2e6b9,1399.82421875,180.14659628416
792,RC,RC,PD,,5/14/2025 11:27:05 AM,,RP+5 Case 22257,IN,6b99e431-69d8-4b93-8d03-9f2be7b61a9f,239310.85546875,2123.12305996937
793,OS,OS,PD,,5/14/2025 11:27:05 AM,,RP+5 Case 22257,IN,e1601286-5234-48e9-a9f0-9d5731f003a7,11589181.4921875,29606.8178666739
794,OS,OS,PD,,5/14/2025 11:27:05 AM,,RP+5 Case 22257,IN,bb51a164-1557-4efd-8124-4abf75ea2bc9,26785.0546875,655.054726534766
795,OS,OS,PD,,5/14/2025 11:27:05 AM,,RP+5 Case 22257,IN,90c50a71-bb4d-41bb-9dbf-edd0b6d866b3,1468.12109375,181.692659238737
796,OS,OS,PD,,5/14/2025 11:27:05 AM,,RP+5 Case 22257,IN,a5a0bac3-4b6a-47b3-b672-9d7401d86794,3044.3984375,234.825552148842
797,OS,OS,PD,,5/14/2025 11:27:05 AM,,RP+5 Case 22257,IN,9a634f54-47d1-49b5-bc57-71eaa5b2d8e0,2453.953125,247.864175755356
798,RR,RR,PD,,5/14/2025 11:27:05 AM,,RP+5 Case 22257,IN,4441e317-22fc-4028-bd30-847b5408bb77,430196.44140625,2953.14040636541
799,RC,RC,PD,,5/14/2025 11:27:05 AM,,RP+5 Case 22257,IN,1b38a14a-b323-45aa-a035-013edd37965d,63594.0234375,1050.28944124434
800,HARB,HH,PD,,5/14/2025 11:27:05 AM,,RP+5 Case 22257,IN,d6ec1865-e0fe-48dc-b32f-a3983dfca720,12380.48828125,436.054130049914
801,OS,OS,PD,,5/14/2025 11:27:05 AM,,RP+5 Case 22257,IN,3a0c2ccb-3310-481e-b528-60181b31d993,1989.26953125,204.390577687416
802,OS,OS,PD,,5/14/2025 11:27:05 AM,,RP+5 Case 22257,IN,37b6004f-2f8f-414d-8f72-2c4875a5b5db,50357.44140625,988.781059759113
803,RR,RR,PD,,5/14/2025 11:27:05 AM,,RP+5 Case 22257,IN,c0930ce2-93ba-4e71-ba7d-b0fcb582bcde,21099.09375,618.243327683494
804,AG,AG,PD,,5/14/2025 11:27:05 AM,,RP+5 Case 22257,IN,f67ce5e5-0c31-4bd6-a91a-879214dcf665,1030772152.97266,259244.045929303
805,RC,RC,PD,,5/14/2025 11:27:05 AM,,RP+5 Case 22257,IN,26902503-9ad4-43f6-8d08-3e91aa0c5ea5,924.54296875,171.643547020243
806,RC,RC,PD,,5/14/2025 11:27:05 AM,,RP+5 Case 22257,IN,940864ef-a172-4810-a74c-1bdd2cc19d0b,14804.3984375,538.848209065551
807,RC,RC,PD,,5/14/2025 11:27:05 AM,,RP+5 Case 22257,IN,2304a463-e8a5-4686-8ac8-ef95fcf3006f,34238.64453125,750.452165909189
808,OS,OS,PD,,5/14/2025 11:27:05 AM,,RP+5 Case 22257,IN,226e6ab0-1431-41df-bf44-7f3811a88816,5349.9296875,318.861010587986
809,OS,OS,PD,,5/14/2025 11:27:05 AM,,RP+5 Case 22257,IN,5c3f666a-929d-4dc2-b2fb-8e3f8fdc00db,8185.65234375,399.035126207501
810,RR,RR,PD,,5/14/2025 11:27:05 AM,,RP+5 Case 22257,IN,51e52c78-2091-4d7c-b9d7-6784f3a475f0,2983.390625,226.425160943893
811,OS,OS,PD,,5/14/2025 11:27:05 AM,,RP+5 Case 22257,IN,c66c1e88-ab29-4716-b156-ecf957d2302b,1109.40234375,169.384652929012
812,RC,RC,PD,,5/14/2025 11:27:05 AM,,RP+5 Case 22257,IN,1ef301a7-37d5-4899-a407-ab7dee2b6d9e,11474.04296875,490.044360121734
813,IP,IP,SD,,5/14/2025 11:27:05 AM,,RP+5 Case 22257,IN,594a29bc-e29b-40e5-9e6a-2b24dd39a197,3318500.68359375,8465.20707142224
814,RC,RC,PD,,5/14/2025 11:27:05 AM,,RP+5 Case 22257,IN,be36967e-661d-48b4-9fd8-24e8d8cceeeb,6304.65234375,367.62593720618
815,RC,RC,PD,,5/14/2025 11:27:05 AM,,RP+5 Case 22257,IN,dd6c8783-c8b7-49d5-9cf1-e52938fb29ac,21388.859375,549.437167622566
816,OS,OS,PD,,5/14/2025 11:27:05 AM,,RP+5 Case 22257,IN,a5b45a2b-4ff8-4c3d-94ca-956f21e4432b,17316.6328125,611.601335416616
817,OS,OS,PD,,5/14/2025 11:27:05 AM,,RP+5 Case 22257,IN,556ab8f1-9f2f-408f-adf2-5df11d7269e2,41604.87890625,840.149259647718
818,RR,RR,PD,,5/14/2025 11:27:05 AM,,RP+5 Case 22257,IN,3cfe1a14-4186-4f25-8646-c9bc8ff9a261,13530.30078125,622.621409661103
819,OS,OS,PD,,5/14/2025 11:27:05 AM,,RP+5 Case 22257,IN,e21d2d40-a05d-4eb8-a20f-7519ab0f8e30,22642.3359375,658.019308378839
820,OS,OS,PD,,5/14/2025 11:27:05 AM,,RP+5 Case 22257,IN,275130be-c2dc-4f20-922b-dff3f2b0d106,22374.8125,671.493935641379
821,RR,RR,PD,,5/14/2025 11:27:05 AM,,RP+5 Case 22257,IN,bda115f4-78ab-4bf0-afe8-21b07061390c,86523.453125,1530.28172080244
822,OS,OS,PD,,5/14/2025 11:27:05 AM,,RP+5 Case 22257,IN,cc4eb5c9-9cf6-4816-8182-992a976693d1,26818.28125,806.030464515119
823,RC,RC,PD,,5/14/2025 11:27:05 AM,,RP+5 Case 22257,IN,ee4c16f7-b293-46d1-90e7-abe18c591735,1107.5078125,172.322856530417
824,OS,OS,PD,,5/14/2025 11:27:05 AM,,RP+5 Case 22257,IN,b62d9956-249e-4197-88b5-ee39333e8bf3,25529.03515625,673.830389962067
825,RC,RC,PD,,5/14/2025 11:27:05 AM,,RP+5 Case 22257,IN,888e9937-ab9e-4aa5-a577-aae4cbe0c049,240086.32421875,2278.87586717649
826,RC,RC,PD,,5/14/2025 11:27:05 AM,,RP+5 Case 22257,IN,3e2b0a69-be11-4ca7-bf34-d4766d67c3a5,1633.30859375,186.979595034481
827,OS,OS,PD,,5/14/2025 11:27:05 AM,,RP+5 Case 22257,IN,67cd7d1f-d2a1-4ff2-981c-edee3a3392b0,6157.0078125,302.563027590348
828,RR,RR,PD,,5/14/2025 11:27:05 AM,,RP+5 Case 22257,IN,caacc3c8-c67a-4355-a8a0-4a119ba01425,443310193.179688,312060.751972676
829,OS,OS,PD,,5/14/2025 11:27:05 AM,,RP+5 Case 22257,IN,7a715cf0-47e1-4c71-8d87-80623727f7c8,100205.40234375,1467.4507137712
830,OS,OS,PD,,5/14/2025 11:27:05 AM,,RP+5 Case 22257,IN,7a7b47f3-0d72-4edb-b6a7-0b4a7ed0e2ff,32500.88671875,724.227786778477
831,OS,OS,PD,,5/14/2025 11:27:05 AM,,RP+5 Case 22257,IN,e876d125-2860-4dbe-9711-dec7b29d7a29,30651.6796875,697.595411656099
832,RC,RC,PD,,5/14/2025 11:27:05 AM,,RP+5 Case 22257,IN,d1914cfa-2d41-409c-8190-2b2616890056,6431.50390625,346.152250780558
833,OS,OS,PD,,5/14/2025 11:27:05 AM,,RP+5 Case 22257,IN,67c4752d-2f8e-4f18-8e45-a7379d6bd01a,618016782.15625,143157.826052012
834,RR,RR,PD,,5/14/2025 11:27:05 AM,,RP+5 Case 22257,IN,365a0896-4a15-4cf0-801a-0bb8cda04a28,735925.265625,7773.30348263652
835,OS,OS,PD,,5/14/2025 11:27:05 AM,,RP+5 Case 22257,IN,8e0ce13c-8c14-49f9-adec-eee47ae4fa93,608400.82421875,3874.96732277383
836,OS,OS,PD,,5/14/2025 11:27:05 AM,,RP+5 Case 22257,IN,71fbcf22-c2f5-4c2c-af02-299cb35ec4a3,34041.046875,701.488379025055
837,OS,OS,PD,,5/14/2025 11:27:05 AM,,RP+5 Case 22257,IN,c6cffd02-081b-4b57-aeb9-424f0d80caae,5452.1484375,299.129775099645
838,US,US,PD,,5/21/2025 7:48:48 PM,1/31/2023 12:00:00 AM,Case 22384,IN,67322c07-4335-4fe5-aedf-c3019cefad76,10908.25,452.1851031164
839,RR,RR,PD,,5/14/2025 11:27:05 AM,,RP+5 Case 22257,IN,876d908f-4090-4728-939e-b2a8cc3deebe,156400.89453125,1722.87962522915
840,OS,OS,PD,,5/14/2025 11:27:05 AM,,RP+5 Case 22257,IN,98926553-460c-43e2-a49d-4852e0f79a69,859.91015625,140.635942377282
841,OS,OS,PD,,5/14/2025 11:27:05 AM,,RP+5 Case 22257,IN,26e2e290-c752-4a09-aaf9-d28dc439dc58,89302.29296875,1294.02955843846
842,OS,OS,PD,,5/14/2025 11:27:05 AM,,RP+5 Case 22257,IN,37f72542-1978-4ccc-b312-40a5d5260288,17526.8671875,612.768976364623
843,RR,RR,PD,,5/14/2025 11:27:05 AM,,RP+5 Case 22257,IN,54adf5d6-e435-4bc1-a173-82cbb8257d5e,3409.26953125,262.532646224964
844,RC,RC,PD,,5/14/2025 11:27:05 AM,,RP+5 Case 22257,IN,f67c2f79-7af9-4831-8a29-d2c0d5639924,1179479.9140625,5667.66441632325
845,OS,OS,PD,,5/14/2025 11:27:05 AM,,RP+5 Case 22257,IN,1ab4243b-7cd4-4f85-a374-b87915e44f10,46316.13671875,1053.4114876213
846,RC,RC,PD,,5/14/2025 11:27:05 AM,,RP+5 Case 22257,IN,c5d7268b-bb32-432b-8645-281ac8eace6b,948,163.232804162197
847,OS,OS,PD,,5/14/2025 11:27:05 AM,,RP+5 Case 22257,IN,2361b105-8c5a-4e5e-b773-b606dccaf375,6730.45703125,395.3220332581
848,RR,RR,PD,,5/14/2025 11:27:05 AM,,RP+5 Case 22257,IN,1caa0d5c-0ee9-48ad-bf88-e9a5008b151a,160253.6015625,2177.23590262892
849,RC,RC,PD,,5/14/2025 11:27:05 AM,,RP+5 Case 22257,IN,28c6bac6-cc94-4ad4-b058-031610d4ebc7,276682.34765625,2515.839230141
850,RC,RC,PD,,5/14/2025 11:27:05 AM,,RP+5 Case 22257,IN,ae797ac3-cc27-41a3-be67-a5069f935f32,8446.7734375,357.804719088736
851,RC,RC,PD,,5/14/2025 11:27:05 AM,,RP+5 Case 22257,IN,0bfba6de-dabf-4f5a-acb7-adb2648e9da3,1079718.16796875,9627.15256784298
852,OS,OS,PD,,5/14/2025 11:27:05 AM,,RP+5 Case 22257,IN,f39f2a28-b9c8-4c67-ab4b-0d7c4c0714f8,30385.83203125,1039.70453450735
853,RC,RC,PD,,5/14/2025 11:27:05 AM,,RP+5 Case 22257,IN,e9ed587f-064d-4aa8-a992-3a3a6749fde8,396133.54296875,2855.73657970245
854,OS,OS,PD,,5/14/2025 11:27:05 AM,,RP+5 Case 22257,IN,224f9444-85bc-4059-bc17-d9b1ae0eb269,1127.9765625,155.6810495409
855,RC,RC,PD,,5/14/2025 11:27:05 AM,,RP+5 Case 22257,IN,1a6f5901-029a-4123-a2db-31cd856db569,2987.61328125,227.557389466568
856,OS,OS,PD,,5/14/2025 11:27:05 AM,,RP+5 Case 22257,IN,de44788c-ddc7-4ab4-9847-e15b661522e3,1004.30859375,145.515196675908
857,OS,OS,PD,,5/14/2025 11:27:05 AM,,RP+5 Case 22257,IN,429e906f-8264-413f-952d-c416556d5bb7,1577147.09375,8868.56178375581
858,HARB,HH,PD,,5/14/2025 11:27:05 AM,,RP+5 Case 22257,IN,fbaf89ef-db60-4037-b171-92bc26e49c9e,8163.5234375,448.596865451388
859,RC,RC,PD,,5/14/2025 11:27:05 AM,,RP+5 Case 22257,IN,e46fd3fd-0083-4451-971c-ff258fdad3c4,4969.796875,286.660484222746
860,RC,RC,PD,,5/14/2025 11:27:05 AM,,RP+5 Case 22257,IN,0e41034f-e3a9-4dbc-b21c-aa17fbb52b37,780620.02734375,6419.25717123721
861,RR,RR,PD,,5/14/2025 11:27:05 AM,,RP+5 Case 22257,IN,e8ddaa87-62b9-4286-9822-723f384d62c5,93049.546875,1473.06140399534
862,OS,OS,PD,,5/14/2025 11:27:05 AM,,RP+5 Case 22257,IN,92654ad8-fecf-41d6-bcb2-5a246eba8cfe,19873.67578125,730.329433403453
863,OS,OS,PD,,5/14/2025 11:27:05 AM,,RP+5 Case 22257,IN,968edd2a-4f0c-4d36-99e7-e8fecf32701e,1233.78515625,164.148871193615
864,OS,OS,PD,,5/14/2025 11:27:05 AM,,RP+5 Case 22257,IN,a44f59b0-81c1-4714-8f33-32fd6a6da59a,765579.33203125,4337.57284650887
865,RR,RR,PD,,5/14/2025 11:27:05 AM,,RP+5 Case 22257,IN,d4c72d8f-a6e2-4a36-8676-dd1a3a72442a,408939.53125,3494.49025146254
866,RR,RR,PD,,5/14/2025 11:27:05 AM,,RP+5 Case 22257,IN,3881bd39-5f50-4aaa-b949-ef989f07c67b,65269.72265625,1395.27599708371
867,OS,OS,PD,,5/14/2025 11:27:05 AM,,RP+5 Case 22257,IN,6812a500-7804-4899-ba36-1f44312abeca,1434494.7734375,6782.16255022309
868,RC,RC,PD,,5/14/2025 11:27:05 AM,,RP+5 Case 22257,IN,c6f43fcc-9e28-4c99-a0c7-32347995b931,1083.59375,157.464623190029
869,OS,OS,PD,,5/14/2025 11:27:05 AM,,RP+5 Case 22257,IN,afe1c3e1-c51c-4d76-9eaa-3c682b6a356c,113036.9140625,1737.90441418993
870,OS,OS,PD,,5/14/2025 11:27:05 AM,,RP+5 Case 22257,IN,938e15bb-ad50-4ac0-a306-bbe3686d47bc,3116.1484375,269.056966552316
871,OS,OS,PD,,5/14/2025 11:27:05 AM,,RP+5 Case 22257,IN,79af2b1d-d3cb-4a90-b502-db7cf19e4573,16068.05078125,504.842494377476
872,RR,RR,PD,,5/14/2025 11:27:05 AM,,RP+5 Case 22257,IN,4ef6d5ee-b5c9-450b-8f26-d33dd2b07f77,2739.69921875,213.108932542308
873,OS,OS,PD,,5/14/2025 11:27:05 AM,,RP+5 Case 22257,IN,6b78d2a1-8718-4d54-b0a0-8408433dfe64,37262.1875,826.290070219863
874,RC,RC,PD,,5/14/2025 11:27:05 AM,,RP+5 Case 22257,IN,95e396e3-a474-499d-ae62-5bf13e742d96,95594.51171875,1589.43072019767
875,RC,RC,PD,,5/14/2025 11:27:05 AM,,RP+5 Case 22257,IN,6688a9f6-f539-41b9-a1f0-4519885eb090,770807.8515625,4205.74894427987
876,RC,RC,PD,,5/14/2025 11:27:05 AM,,RP+5 Case 22257,IN,8de5ed72-5e95-47b4-9cc4-10725ace3532,19909.03125,648.450097547482
877,RC,RC,PD,,5/14/2025 11:27:05 AM,,RP+5 Case 22257,IN,9d3d144c-8511-42e1-99a3-bce1e604ac06,5784.93359375,336.850048543414
878,OS,OS,PD,,5/14/2025 11:27:05 AM,,RP+5 Case 22257,IN,0358f4d6-fd30-4042-aa02-deac24e252f7,260602.4609375,2248.23066411498
879,RC,RC,PD,,5/14/2025 11:27:05 AM,,RP+5 Case 22257,IN,30fa8eb6-772c-4952-b631-0443fbd58668,24296.6328125,667.235927308196
880,OS,OS,PD,,5/14/2025 11:27:05 AM,,RP+5 Case 22257,IN,8e9b9041-fc61-4a57-9065-11c17c576b13,3369.24609375,246.785714235545
881,OS,OS,PD,,5/14/2025 11:27:05 AM,,RP+5 Case 22257,IN,d784b126-f89b-449e-aaaa-1e0920db8b22,10052.1015625,440.794836192818
882,OS,OS,PD,,5/14/2025 11:27:05 AM,,RP+5 Case 22257,IN,27ed5905-d8ad-4533-9e35-a98ae41a4e30,86907.95703125,1344.11141575516
883,RC,RC,PD,,5/14/2025 11:27:05 AM,,RP+5 Case 22257,IN,777f4c6b-2842-4cf9-932d-f1b360b6dfac,808.98046875,129.867305445928
884,OS,OS,PD,,5/14/2025 11:27:05 AM,,RP+5 Case 22257,IN,c0edaa36-f625-42dc-8570-b8c11b52e823,10003.0546875,413.703109974316
885,OS,OS,PD,,5/14/2025 11:27:05 AM,,RP+5 Case 22257,IN,8425bb2c-a563-4b7f-b157-2366833dba50,859.11328125,134.13375351121
886,IP,IP,SD,,5/14/2025 11:27:05 AM,,RP+5 Case 22257,IN,1313d18f-329e-414d-a057-1893110164c1,1889542.5234375,5556.40978582388
887,RC,RC,PD,,5/14/2025 11:27:05 AM,,RP+5 Case 22257,IN,cbeac19d-2d81-4257-9f8b-3e7daa13ef63,28776.02734375,724.882269503114
888,OS,OS,PD,,5/14/2025 11:27:05 AM,,RP+5 Case 22257,IN,510500a7-fb1e-478e-8e3b-a487305a8316,23651.7734375,848.665992556246
889,OS,OS,PD,,5/14/2025 11:27:05 AM,,RP+5 Case 22257,IN,df22d060-03ce-469d-8393-deb6b3a9f235,20717.46484375,659.055703465061
890,OS,OS,PD,,5/14/2025 11:27:05 AM,,RP+5 Case 22257,IN,16b0974e-63d3-4ff9-b89f-d90f3cb289a5,44051.55859375,1254.92365828024
891,RR,RR,PD,,5/14/2025 11:27:05 AM,,RP+5 Case 22257,IN,845691bc-fd4f-42d6-bf93-ca83e40c558a,15547.06640625,545.308328887524
892,RR,RR,PD,,5/14/2025 11:27:05 AM,,RP+5 Case 22257,IN,bb75b698-db9e-4571-a7cb-d7d9b1082a36,290556097.796875,250269.436672853
893,RR,RR,PD,,5/14/2025 11:27:05 AM,,RP+5 Case 22257,IN,78733ecb-3f36-4586-b762-4f26e96b3473,16423.921875,477.736416776554
894,HARB,HH,PD,,9/24/2025 8:16:15 PM,,RP+5 Case 22257,IN,7f535f76-4323-4e39-ae48-b5b8999664fd,3325453.65625,13664.3453941901
895,OS,OS,PD,,5/14/2025 11:27:05 AM,,RP+5 Case 22257,IN,d162a057-c7f6-46a2-973f-ea7e9893be7f,70461.17578125,1041.43678153557
896,RC,RC,PD,,5/14/2025 11:27:05 AM,,RP+5 Case 22257,IN,91c670a5-42b4-448d-92d4-7e39dc4c02f0,380349.96875,3019.08910614306
897,OS,OS,PD,,5/14/2025 11:27:05 AM,,RP+5 Case 22257,IN,b0f18870-c8d2-4005-881e-10aed5667ad8,3819.2109375,278.134038801561
898,RR,RR,PD,,5/14/2025 11:27:05 AM,,RP+5 Case 22257,IN,304e8574-52d1-4db5-94f8-5f93eb7cc985,9156.2265625,364.460706636456
899,RC,RC,PD,,5/14/2025 11:27:05 AM,,RP+5 Case 22257,IN,819578bd-819d-4857-a46b-24f8428d42d2,2877.203125,226.490963293898
900,OS,OS,PD,,5/14/2025 11:27:05 AM,,RP+5 Case 22257,IN,c093fe85-0879-4eae-a145-3166c3e1fa39,1419.4765625,174.835862571518
901,RC,RC,PD,,5/14/2025 11:27:05 AM,,RP+5 Case 22257,IN,13f8b166-56f2-43f1-ba43-116785a74a1e,8575.21875,434.718056525766
902,OS,OS,PD,,5/14/2025 11:27:05 AM,,RP+5 Case 22257,IN,2c37d3d4-f5d8-4be6-8768-5515433972ff,286675.1953125,3411.91125438584
903,OS,OS,PD,,5/14/2025 11:27:05 AM,,RP+5 Case 22257,IN,767dddcf-1376-44de-b73d-8e0c90dbbe49,2883.49609375,217.038099781593
904,RC,RC,PD,,5/14/2025 11:27:05 AM,,RP+5 Case 22257,IN,aa30f7af-c517-4eab-a616-0dd729b52988,11524.69921875,455.015341688284
905,OS,OS,PD,,5/14/2025 11:27:05 AM,,RP+5 Case 22257,IN,e2742183-f61c-4960-ba1d-a2c92c358c72,11278.71875,439.529894107614
906,RC,RC,PD,,5/14/2025 11:27:05 AM,,RP+5 Case 22257,IN,59541948-0f65-4c1f-8c8e-e34122c93211,1511.67578125,192.742863441829
907,RR,RR,PD,,5/14/2025 11:27:05 AM,,RP+5 Case 22257,IN,b7871185-4b19-49a4-8cbf-1a810b9c0303,129388.86328125,1651.0876604262
908,US,US,PD,,5/14/2025 11:27:05 AM,,RP+5 Case 22257,IN,ffa3d523-7897-43c9-9124-33c45e4e3a7b,15,47.5046700324702
909,RC,RC,PD,,5/14/2025 11:27:05 AM,,RP+5 Case 22257,IN,1c037e5f-91ee-4763-bd32-f5d2bda2304d,13167.52734375,452.783708513023
910,OS,OS,PD,,5/14/2025 11:27:05 AM,,RP+5 Case 22257,IN,df608015-55a2-43e1-bd4f-34ecb68c7673,27074.2578125,715.722396169027
911,RR,RR,PD,,5/14/2025 11:27:05 AM,,RP+5 Case 22257,IN,acdd68b1-a393-428a-93e1-29a9144dbdb9,63395.58203125,1554.2720380312
912,OS,OS,PD,,5/14/2025 11:27:05 AM,,RP+5 Case 22257,IN,f35932e0-8d5f-4278-8ea4-f4e9c8c0594c,9156.21875,364.460689749695
913,OS,OS,PD,,5/14/2025 11:27:05 AM,,RP+5 Case 22257,IN,d4f9125d-8b97-41d5-bade-5841559ae782,1500.05859375,198.435284824071
914,OS,OS,PD,,5/14/2025 11:27:05 AM,,RP+5 Case 22257,IN,9e6918db-ab83-45a8-84c5-305da72db5a0,2525.72265625,218.244355213122
915,OS,OS,PD,,5/14/2025 11:27:05 AM,,RP+5 Case 22257,IN,06ae6610-82df-4b93-a09d-f36a505d4969,5254.1328125,319.045836529766
916,OS,OS,PD,,5/14/2025 11:27:05 AM,,RP+5 Case 22257,IN,362fe4a7-d672-4673-aec1-9ec31cbb28d5,2106.359375,185.736614113229
917,IP,IP,SD,,5/14/2025 11:27:05 AM,,RP+5 Case 22257,IN,46d16fa1-757e-48fb-88cd-816420176c90,5080774.12109375,9361.69230164021
918,OS,OS,PD,,5/14/2025 11:27:05 AM,,RP+5 Case 22257,IN,0bb816e2-9547-4b7e-aca7-aafd3f4bac08,1129.48046875,173.175210196162
919,HARB,HH,PD,,5/14/2025 11:27:05 AM,,RP+5 Case 22257,IN,1fc11150-d3f0-44b9-8f65-5e3cfa60fa58,13415955.3320313,69227.2191367825
920,OS,OS,PD,,5/14/2025 11:27:05 AM,,RP+5 Case 22257,IN,6583d48c-6b3c-43a3-bc93-15ec7b155e02,76778.25390625,1081.40913522294
921,RC,RC,PD,,5/14/2025 11:27:05 AM,,RP+5 Case 22257,IN,dfb6c798-83a9-41d8-b8a3-85039b23308f,2076.05078125,194.982296656921
922,OS,OS,PD,,5/14/2025 11:27:05 AM,,RP+5 Case 22257,IN,f8d711f2-56f0-447e-a6b3-ec9760f9598c,10765.85546875,454.879345075334
923,OS,OS,PD,,5/14/2025 11:27:05 AM,,RP+5 Case 22257,IN,f34e3045-3bf5-4f01-bb0d-27d9e386ddba,84774358.234375,47559.7917812342
924,OS,OS,PD,,5/14/2025 11:27:05 AM,,RP+5 Case 22257,IN,963723d7-8d46-4007-9fc5-83d7fa6da0b6,28581.94140625,865.088004521078
925,OS,OS,PD,,5/14/2025 11:27:05 AM,,RP+5 Case 22257,IN,3db7c75a-9459-48cf-9fa3-cffa53ee9624,94885.66796875,1952.55385711143
926,RC,RC,PD,,5/14/2025 11:27:05 AM,,RP+5 Case 22257,IN,f566da75-e95b-4598-9532-ea2d7eb1ff76,3081.73828125,228.495084585131
927,OS,OS,PD,,5/14/2025 11:27:05 AM,,RP+5 Case 22257,IN,a1d171df-3a76-4ed7-a927-a8a81da2bb79,858.79296875,139.263704573435
928,RR,RR,PD,,5/14/2025 11:27:05 AM,,RP+5 Case 22257,IN,147bbd72-a59d-40f7-9080-832ed012ac2a,4573.015625,328.59985551639
929,RC,RC,PD,,5/14/2025 11:27:05 AM,,RP+5 Case 22257,IN,fd4bae84-5d91-4c5e-9224-dd5ae6d41df6,19208.63671875,748.083152432512
930,OS,OS,PD,,5/14/2025 11:27:05 AM,,RP+5 Case 22257,IN,999c5642-c39f-4841-b1f1-510c6b6b51f1,6016.27734375,362.016994523505
931,RC,RC,PD,,5/14/2025 11:27:05 AM,,RP+5 Case 22257,IN,fbb1f345-2f36-4e5b-a210-a9aad99e4b52,5113.48046875,328.249208966922
932,OS,OS,PD,,5/14/2025 11:27:05 AM,,RP+5 Case 22257,IN,ddddeccb-d030-431f-ba09-7531c6ad02e9,3196.85546875,241.640678253168
933,OS,OS,PD,,5/14/2025 11:27:05 AM,,RP+5 Case 22257,IN,97ff746a-9f81-4d44-b3d0-a7c464f9f6dd,27422.234375,812.129424758181
934,RC,RC,PD,,5/14/2025 11:27:05 AM,,RP+5 Case 22257,IN,8c34689c-3f31-4019-8106-ce8923d48663,1540.40234375,188.695985542613
935,OS,OS,PD,,5/14/2025 11:27:05 AM,,RP+5 Case 22257,IN,3cfb8236-92eb-4759-92d3-b2642582e649,21852.90625,641.455861849504
936,RC,RC,PD,,5/14/2025 11:27:05 AM,,RP+5 Case 22257,IN,990a4072-ace2-43af-8d8d-bd039662a7e6,2980.75,227.53030242564
937,RC,RC,PD,,5/14/2025 11:27:05 AM,,RP+5 Case 22257,IN,608f22b6-6a16-4700-9e26-f6ebadd660f0,3217.84375,238.137101681079
938,RC,RC,PD,,5/14/2025 11:27:05 AM,,RP+5 Case 22257,IN,5c9a00c9-4a54-4db2-a6e7-759baaf11105,19306.04296875,738.411491182463
939,OS,OS,PD,,5/14/2025 11:27:05 AM,,RP+5 Case 22257,IN,2fdc27a3-cb7f-4ab7-b50e-be33771474a5,940.06640625,142.348972900602
940,OS,OS,PD,,5/14/2025 11:27:05 AM,,RP+5 Case 22257,IN,02552fb3-d65d-49b7-b840-0b5a6062a070,47475.3671875,1106.85106604917
941,OS,OS,PD,,5/14/2025 11:27:05 AM,,RP+5 Case 22257,IN,9c38e9e4-7939-46c1-bc61-d5bcad7fa369,1627.11328125,191.2378227238
942,OS,OS,PD,,5/14/2025 11:27:05 AM,,RP+5 Case 22257,IN,bd9adca3-6cc4-470d-9ff3-52d12d464336,9496.8125,533.067614766422
943,HARB,HH,PD,,5/14/2025 11:27:05 AM,,RP+5 Case 22257,IN,b4d4bb4b-9988-4d6e-a3c9-09071f6018ac,3791.359375,384.191174786191
944,RC,RC,PD,,5/14/2025 11:27:05 AM,,RP+5 Case 22257,IN,854377c2-8a20-48cd-81fb-ce8d72e8dbd0,9991.96484375,381.745354124676
945,RC,RC,PD,,5/14/2025 11:27:05 AM,,RP+5 Case 22257,IN,7f5f0687-e364-4041-807e-1c1dc584fbf4,19739.94140625,535.160275628214
946,RC,RC,PD,,2/5/2026 2:56:04 PM,2/2/2026 12:00:00 AM,MINORREV-2025-02922,IN,bb182202-42fe-4ba8-8ad6-c4323c6b5c80,1439019483.12891,983307.114947634
947,RR,RR,PD,,5/14/2025 11:27:05 AM,,RP+5 Case 22257,IN,106a5df2-b9f5-42bf-bc5b-b8b5356a309d,4624.23828125,282.109937653878
948,RR,RR,PD,,5/14/2025 11:27:05 AM,,RP+5 Case 22257,IN,3e6079e1-4358-4b02-8f1c-e90d4ceb0193,317318.5078125,3800.13054442475
949,OS,OS,PD,,5/14/2025 11:27:05 AM,,RP+5 Case 22257,IN,4801beec-ef79-4561-95fa-bf71117274e3,23847.796875,627.916448970862
950,OS,OS,PD,,5/14/2025 11:27:05 AM,,RP+5 Case 22257,IN,ae73393c-2bdf-441c-9304-71bcf284d434,8572.51171875,379.478160374861
951,OS,OS,PD,,5/14/2025 11:27:05 AM,,RP+5 Case 22257,IN,25022cfd-d5a2-40fd-b250-a601c73c43af,12206.43359375,481.749775002463
952,RC,RC,PD,,5/14/2025 11:27:05 AM,,RP+5 Case 22257,IN,6d4717cb-2288-4dc4-a26b-8821cb6ad697,4565.1953125,282.157842397098
953,RC,RC,PD,,5/14/2025 11:27:05 AM,,RP+5 Case 22257,IN,acad961d-7237-432f-a74a-f36261bab405,90650.1640625,2040.03622761065
954,OS,OS,PD,,5/14/2025 11:27:05 AM,,RP+5 Case 22257,IN,f5a38129-0805-4fc7-8d13-3a778f7b1921,8840.65234375,381.093635128768
955,RR,RR,PD,,5/14/2025 11:27:05 AM,,RP+5 Case 22257,IN,8bafc890-8587-4ddc-9fe3-a9b0173320bf,4214.8359375,325.643648608182
956,OS,OS,PD,,5/14/2025 11:27:05 AM,,RP+5 Case 22257,IN,8cde2c3e-8075-43e5-a25d-de0b240dd231,2097.32421875,187.83612183865
957,RR,RR,PD,,5/14/2025 11:27:05 AM,,RP+5 Case 22257,IN,eab81afc-de2d-4d94-a552-fc5440ca2e38,20387.01953125,695.078655117363
958,OS,OS,PD,,5/14/2025 11:27:05 AM,,RP+5 Case 22257,IN,9b43e2be-c79b-4dcd-90a6-a28fdfc751a5,6851.04296875,380.261267615746
959,OS,OS,PD,,5/14/2025 11:27:05 AM,,RP+5 Case 22257,IN,ad3af59c-097a-4573-9876-8ea7bb069bb9,99528.11328125,1604.69987048337
960,RC,RC,PD,,5/14/2025 11:27:05 AM,,RP+5 Case 22257,IN,a7f6c5d0-f0e6-435d-b16a-f499ec123a1b,2643.16796875,273.001198271325
961,OS,OS,PD,,5/14/2025 11:27:05 AM,,RP+5 Case 22257,IN,a6a06e66-e84a-41be-a7c9-de58cc42de94,6252.55078125,310.852829372558
962,OS,OS,PD,,5/14/2025 11:27:05 AM,,RP+5 Case 22257,IN,e558d0b2-1c2e-419a-82c3-0889966209f3,1369.48828125,180.405739546085
963,OS,OS,PD,,5/14/2025 11:27:05 AM,,RP+5 Case 22257,IN,f5025710-9f67-4f6d-9572-654378755f74,782711.95703125,6804.53313872944
964,RC,RC,PD,,5/14/2025 11:27:05 AM,,RP+5 Case 22257,IN,efcd7cfe-05e7-4aaf-a2a2-ca5cebb2add4,8153.25,357.065113313039
965,OS,OS,PD,,5/14/2025 11:27:05 AM,,RP+5 Case 22257,IN,e3c4e443-0ffc-43bc-adcf-e8a296dcae14,4035.23046875,255.444087253966
966,OS,OS,PD,,5/14/2025 11:27:05 AM,,RP+5 Case 22257,IN,b1521a3e-991d-4b59-a573-e7bad93826b1,7495.9140625,381.826104976169
967,OS,OS,PD,,5/14/2025 11:27:05 AM,,RP+5 Case 22257,IN,1ed0ef6f-7592-4e2f-9b84-335f849d0632,6242.3359375,311.389897713762
968,OS,OS,PD,,5/14/2025 11:27:05 AM,,RP+5 Case 22257,IN,9cb7bfe5-010a-40fb-9745-2d60b8199fde,8585.27734375,409.346622492326
969,RR,RR,PD,,5/14/2025 11:27:05 AM,,RP+5 Case 22257,IN,b2a28ccd-28dd-4fe3-aed6-93928e271d3f,23272.38671875,713.139577613107
970,RR,RR,PD,,5/14/2025 11:27:05 AM,,RP+5 Case 22257,IN,fef36a42-21c0-48be-9451-bfef52d1d3ec,310064.1875,2975.04492016553
971,OS,OS,PD,,5/14/2025 11:27:05 AM,,RP+5 Case 22257,IN,846eff88-4363-4a7f-ba8f-4ef0839cde89,1608.4765625,192.13617584763
972,OS,OS,PD,,5/14/2025 11:27:05 AM,,RP+5 Case 22257,IN,2a5251ad-e23e-4792-9d2e-6c2ae6c7cb8c,2363.9921875,197.470285022967
973,OS,OS,PD,,5/14/2025 11:27:05 AM,,RP+5 Case 22257,IN,66e55dcf-6618-4d85-8cd8-bdc204cae0f8,486645.6875,4430.21039827115
974,RC,RC,PD,,5/14/2025 11:27:05 AM,,RP+5 Case 22257,IN,aeda39ca-e8a6-4c06-9d20-e93584cb38fb,350235.6640625,4265.18966485421
975,RC,RC,PD,,5/14/2025 11:27:05 AM,,RP+5 Case 22257,IN,c59131c9-e54b-4bad-ae69-9be6c3f9788a,52380114.140625,43952.7180456001
976,OS,OS,PD,,5/14/2025 11:27:05 AM,,RP+5 Case 22257,IN,7f2df332-0b80-487d-95e3-41bc8e04ed77,2031.23828125,212.361204293497
977,OS,OS,PD,,5/14/2025 11:27:05 AM,,RP+5 Case 22257,IN,1fe5da26-1d23-4633-a29b-a3078344725e,839.328125,139.286272969077
978,RR,RR,PD,,5/14/2025 11:27:05 AM,,RP+5 Case 22257,IN,584c4dba-eea6-494a-bcab-bb0fc570912f,147352.546875,2165.34939176122
979,OS,OS,PD,,5/14/2025 11:27:05 AM,,RP+5 Case 22257,IN,f6d930a9-6781-4cfd-95fc-ba2fbbdac180,44842.03515625,838.199194785478
980,OS,OS,PD,,5/14/2025 11:27:05 AM,,RP+5 Case 22257,IN,ef91a005-0bce-4715-be1e-621aa279d5a3,3326.875,239.0078005503
981,RR,RR,PD,,5/14/2025 11:27:05 AM,,RP+5 Case 22257,IN,9e5c8bf6-480a-477e-95cd-1dfa8a21b693,2413.19140625,196.828371840346
982,US,US,PD,,5/14/2025 11:27:05 AM,,RP+5 Case 22257,IN,b423fe4a-9280-4637-89f7-78e436f932cf,3.140625,27.0597519949711
983,OS,OS,PD,,5/14/2025 11:27:05 AM,,RP+5 Case 22257,IN,a54281c2-b2a2-463c-bdb3-a1af38ea7a7a,5552.23828125,318.074936653672
984,RC,RC,PD,,5/14/2025 11:27:05 AM,,RP+5 Case 22257,IN,675ed1a3-9132-471e-82c5-d47b7b82fbb3,17173.5,572.762418165696
985,RC,RC,PD,,5/14/2025 11:27:05 AM,,RP+5 Case 22257,IN,efbdb7d4-deaa-477a-9453-eb926ea7a0d3,6645.21484375,346.819746488789
986,RR,RR,PD,,5/14/2025 11:27:05 AM,,RP+5 Case 22257,IN,570af910-8a2b-425b-b2a6-23cdb68d47da,159993.75,1803.08984962238
987,US,US,PD,,5/14/2025 11:27:05 AM,,RP+5 Case 22257,IN,cd3a6bef-9448-4f7e-a11e-82075d1329c2,885.34375,265.870344752459
988,OS,OS,PD,,5/14/2025 11:27:05 AM,,RP+5 Case 22257,IN,c4a56c31-9a15-45e1-8669-8accc6cb1367,2264143.7734375,15185.0901953773
989,RC,RC,PD,,5/14/2025 11:27:05 AM,,RP+5 Case 22257,IN,f627d553-52a2-4df9-b35e-df5d1dacb603,1180.77734375,167.025718961157
990,OS,OS,PD,,5/14/2025 11:27:05 AM,,RP+5 Case 22257,IN,8f9e6b6a-ec2b-4ac7-8a32-0c8202b313cf,4589282.8203125,11742.0470985363
991,OS,OS,PD,,5/14/2025 11:27:05 AM,,RP+5 Case 22257,IN,bb887b7e-fa61-479f-90ba-bb37a0910f1c,2737285.125,7990.10057878833
992,OS,OS,PD,,5/14/2025 11:27:05 AM,,RP+5 Case 22257,IN,e1bd4dd3-2d26-42cf-9bad-96231b68a54f,2291.60546875,221.437838653193
